timestamp,temperature,pressure,vibration,temperature_change,pressure_change,vibration_change,date,time,day_of_week,day_of_week_number,hour,status,model_prediction,anomaly_score,predicted_status
2026-01-01 08:00:00,65.60943415950887,5.272772445962782,0.3470358676987033,0.0,0.0,0.0,2026-01-01,08:00:00,Thursday,3,8,Normal,1,0.1124993807445876,Normal
2026-01-01 08:01:00,62.92003178751901,5.179036996394337,0.3135356531813169,-2.689402371989857,-0.0937354495684452,-0.0335002145173864,2026-01-01,08:01:00,Thursday,3,8,Normal,1,0.09101817475651952,Normal
2026-01-01 08:02:00,66.50090239161291,4.856103953343042,0.329276346708207,3.580870604093903,-0.3229330430512949,0.0157406935268901,2026-01-01,08:02:00,Thursday,3,8,Normal,1,0.08909052477566909,Normal
2026-01-01 08:03:00,66.88112943278243,4.699499308791821,0.381695518886687,0.380227041169519,-0.156604644551221,0.05241917217848,2026-01-01,08:03:00,Thursday,3,8,Normal,1,0.09308183494413363,Normal
2026-01-01 08:04:00,61.09792962269233,4.407094232431669,0.3501496645599977,-5.783199810090103,-0.2924050763601515,-0.0315458543266893,2026-01-01,08:04:00,Thursday,3,8,Normal,-1,-0.05249731934581553,Warning
2026-01-01 08:05:00,62.39564098627537,4.891300898413473,0.3670104988434168,1.2977113635830406,0.4842066659818034,0.0168608342834191,2026-01-01,08:05:00,Thursday,3,8,Normal,1,0.050077831837604725,Normal
2026-01-01 08:06:00,65.25568080633457,5.484083002449481,0.3835039621101094,2.8600398200592,0.592782104036008,0.0164934632666926,2026-01-01,08:06:00,Thursday,3,8,Normal,1,0.017269023208110912,Normal
2026-01-01 08:07:00,64.36751481531283,5.08697685429273,0.3312579268551195,-0.8881659910217365,-0.3971061481567508,-0.0522460352549899,2026-01-01,08:07:00,Thursday,3,8,Normal,1,0.08394608890783534,Normal
2026-01-01 08:08:00,64.96639768499142,4.888085542790102,0.3878124081814902,0.5988828696785902,-0.1988913115026278,0.0565544813263707,2026-01-01,08:08:00,Thursday,3,8,Normal,1,0.1076625054507096,Normal
2026-01-01 08:09:00,63.29391214485284,5.093016041900062,0.3689421301729197,-1.672485540138581,0.2049304991099596,-0.0188702780085705,2026-01-01,08:09:00,Thursday,3,8,Normal,1,0.10420939276597851,Normal
2026-01-01 08:10:00,66.75879594972565,4.687808329401111,0.288259345654426,3.4648838048728123,-0.4052077124989504,-0.0806827845184937,2026-01-01,08:10:00,Thursday,3,8,Normal,1,0.02493136595038814,Normal
2026-01-01 08:11:00,66.5555838708579,4.940535327460473,0.4221152395593122,-0.2032120788677502,0.2527269980593614,0.1338558939048861,2026-01-01,08:11:00,Thursday,3,8,Normal,1,0.05069106103447296,Normal
2026-01-01 08:12:00,65.13206139512243,5.019895494603148,0.3249627628121542,-1.4235224757354672,0.0793601671426751,-0.0971524767471579,2026-01-01,08:12:00,Thursday,3,8,Normal,1,0.10193671405999594,Normal
2026-01-01 08:13:00,67.25448241393606,4.98277986963579,0.2672452328407407,2.122421018813625,-0.0371156249673578,-0.0577175299714134,2026-01-01,08:13:00,Thursday,3,8,Normal,1,0.08008864855253178,Normal
2026-01-01 08:14:00,65.93501868450409,5.158161224338016,0.2977478145206849,-1.319463729431973,0.1753813547022265,0.0305025816799441,2026-01-01,08:14:00,Thursday,3,8,Normal,1,0.10134037255387224,Normal
2026-01-01 08:15:00,63.28141507423352,5.06892904524721,0.2989477419660838,-2.653603610270565,-0.0892321790908061,0.0011999274453989,2026-01-01,08:15:00,Thursday,3,8,Normal,1,0.09293901165920715,Normal
2026-01-01 08:16:00,65.737501568165,5.133665203621599,0.3526086659328766,2.45608649393148,0.064736158374389,0.0536609239667927,2026-01-01,08:16:00,Thursday,3,8,Normal,1,0.11012442204657763,Normal
2026-01-01 08:17:00,63.082234798342,4.862325543553848,0.3363074747226881,-2.655266769823001,-0.2713396600677509,-0.0163011912101885,2026-01-01,08:17:00,Thursday,3,8,Normal,1,0.09077926436116829,Normal
2026-01-01 08:18:00,66.75690060261455,5.17956308168211,0.3331584016179703,3.67466580427255,0.3172375381282615,-0.0031490731047177,2026-01-01,08:18:00,Thursday,3,8,Normal,1,0.08214400839211389,Normal
2026-01-01 08:19:00,64.9001481780275,5.325787389524798,0.3809850982741239,-1.8567524245870568,0.1462243078426883,0.0478266966561535,2026-01-01,08:19:00,Thursday,3,8,Normal,1,0.09461397038445396,Normal
2026-01-01 08:20:00,64.63027527290947,4.805970096069718,0.3669937680596352,-0.2698729051180208,-0.5198172934550804,-0.0139913302144887,2026-01-01,08:20:00,Thursday,3,8,Normal,1,0.06830279631738351,Normal
2026-01-01 08:21:00,63.63814091119212,4.822460868857088,0.3658023935322143,-0.9921343617173548,0.0164907727873702,-0.0011913745274209,2026-01-01,08:21:00,Thursday,3,8,Normal,1,0.11277350206645143,Normal
2026-01-01 08:22:00,67.44508267734805,5.267156867264046,0.3704914228664346,3.806941766155937,0.4446959984069583,0.0046890293342203,2026-01-01,08:22:00,Thursday,3,8,Normal,1,0.05621789619387907,Normal
2026-01-01 08:23:00,64.6909410358624,4.961731202660988,0.3808067334001119,-2.75414164148566,-0.3054256646030584,0.0103153105336772,2026-01-01,08:23:00,Thursday,3,8,Normal,1,0.09804770831946857,Normal
2026-01-01 08:24:00,64.14334435567379,5.280764278413312,0.2446023329111278,-0.5475966801886045,0.3190330757523236,-0.136204400488984,2026-01-01,08:24:00,Thursday,3,8,Normal,1,0.010530299160681489,Normal
2026-01-01 08:25:00,64.29573289902353,4.911492857621563,0.3317780873867769,0.152388543349744,-0.3692714207917484,0.0871757544756491,2026-01-01,08:25:00,Thursday,3,8,Normal,1,0.07718962691773917,Normal
2026-01-01 08:26:00,66.0646183711067,5.291009115254142,0.2409894967755262,1.76888547208317,0.379516257632579,-0.0907885906112506,2026-01-01,08:26:00,Thursday,3,8,Normal,1,0.014995484586427021,Normal
2026-01-01 08:27:00,65.73088812872815,5.02629716336109,0.3518029963398897,-0.3337302423785502,-0.2647119518930516,0.1108134995643634,2026-01-01,08:27:00,Thursday,3,8,Normal,1,0.07818408852516345,Normal
2026-01-01 08:28:00,65.82546522319198,5.051645764664539,0.3497683513887827,0.0945770944638297,0.0253486013034489,-0.002034644951107,2026-01-01,08:28:00,Thursday,3,8,Normal,1,0.13335288379352284,Normal
2026-01-01 08:29:00,65.86164200601577,5.312943604333981,0.402276613739484,0.0361767828237873,0.2612978396694414,0.0525082623507012,2026-01-01,08:29:00,Thursday,3,8,Normal,1,0.09150773990695094,Normal
2026-01-01 08:30:00,69.28329520174093,4.927645904511166,0.409381719636056,3.421653195725156,-0.3852976998228152,0.007105105896572,2026-01-01,08:30:00,Thursday,3,8,Normal,1,0.04991953547566558,Normal
2026-01-01 08:31:00,64.18716996723077,4.811775580815008,0.3601387524126183,-5.096125234510154,-0.1158703236961571,-0.0492429672234376,2026-01-01,08:31:00,Thursday,3,8,Normal,1,0.06187146196300536,Normal
2026-01-01 08:32:00,63.97551454185693,4.910287158394329,0.3249819461301549,-0.2116554253738485,0.0985115775793206,-0.0351568062824633,2026-01-01,08:32:00,Thursday,3,8,Normal,1,0.11075378850532841,Normal
2026-01-01 08:33:00,63.37245454350425,5.090466790128628,0.3742580556272868,-0.603059998352677,0.1801796317342985,0.0492761094971319,2026-01-01,08:33:00,Thursday,3,8,Normal,1,0.10398315747800035,Normal
2026-01-01 08:34:00,66.23195884515098,4.686848185563897,0.3236041181337843,2.859504301646737,-0.4036186045647305,-0.0506539374935025,2026-01-01,08:34:00,Thursday,3,8,Normal,1,0.06026996758918185,Normal
2026-01-01 08:35:00,67.25794458544178,5.127494180530224,0.3499303674278325,1.0259857402907926,0.440645994966327,0.0263262492940482,2026-01-01,08:35:00,Thursday,3,8,Normal,1,0.08782761046729903,Normal
2026-01-01 08:36:00,64.77210508469025,4.892245736476451,0.3993068158480384,-2.485839500751524,-0.2352484440537727,0.0493764484202058,2026-01-01,08:36:00,Thursday,3,8,Normal,1,0.09554407712166801,Normal
2026-01-01 08:37:00,63.31968704607495,5.229562532146713,0.3221114327005288,-1.4524180386153065,0.3373167956702616,-0.0771953831475096,2026-01-01,08:37:00,Thursday,3,8,Normal,1,0.07610962446127206,Normal
2026-01-01 08:38:00,63.35103756861752,4.521147939019905,0.390283931962125,0.0313505225425743,-0.7084145931268075,0.0681724992615962,2026-01-01,08:38:00,Thursday,3,8,Normal,-1,-0.02137008648908617,Warning
2026-01-01 08:39:00,66.3011855756494,4.842686844979166,0.3838700684346151,2.9501480070318777,0.3215389059592608,-0.0064138635275099,2026-01-01,08:39:00,Thursday,3,8,Normal,1,0.07743397656954543,Normal
2026-01-01 08:40:00,66.48650834240688,4.662706369753179,0.3022604091434589,0.1853227667574799,-0.179980475225987,-0.0816096592911561,2026-01-01,08:40:00,Thursday,3,8,Normal,1,0.07002898232345178,Normal
2026-01-01 08:41:00,66.08630853661039,4.8347541067272095,0.39869470641087,-0.4001998057964897,0.1720477369740303,0.0964342972674111,2026-01-01,08:41:00,Thursday,3,8,Normal,1,0.07706787855285019,Normal
2026-01-01 08:42:00,63.66898058542261,5.049533180221789,0.3849283172685752,-2.4173279511877794,0.2147790734945793,-0.0137663891422947,2026-01-01,08:42:00,Thursday,3,8,Normal,1,0.10106265599708741,Normal
2026-01-01 08:43:00,65.46432264613344,4.964154674910049,0.3550962943686328,1.79534206071083,-0.0853785053117395,-0.0298320228999424,2026-01-01,08:43:00,Thursday,3,8,Normal,1,0.12182490591753964,Normal
2026-01-01 08:44:00,65.23337161828145,4.949324486210397,0.3118838270986174,-0.2309510278519866,-0.0148301886996522,-0.0432124672700154,2026-01-01,08:44:00,Thursday,3,8,Normal,1,0.11559220854995689,Normal
2026-01-01 08:45:00,65.43737719345802,4.968163025723988,0.3070396990712215,0.2040055751765663,0.0188385395135908,-0.0048441280273959,2026-01-01,08:45:00,Thursday,3,8,Normal,1,0.12082798604076889,Normal
2026-01-01 08:46:00,66.74285755589638,5.040677648123989,0.3231168711548489,1.3054803624383595,0.0725146224000008,0.0160771720836274,2026-01-01,08:46:00,Thursday,3,8,Normal,1,0.12081178482518473,Normal
2026-01-01 08:47:00,65.44719109754936,4.798292791611378,0.377129723164598,-1.2956664583470143,-0.2423848565126105,0.054012852009749,2026-01-01,08:47:00,Thursday,3,8,Normal,1,0.09514582909962904,Normal
2026-01-01 08:48:00,66.35782712614379,5.14136992817981,0.30221874162993,0.9106360285944248,0.3430771365684322,-0.0749109815346679,2026-01-01,08:48:00,Thursday,3,8,Normal,1,0.08781141656439856,Normal
2026-01-01 08:49:00,65.13515813897779,5.132533194077097,0.3718756124309935,-1.2226689871660028,-0.0088367341027133,0.0696568708010634,2026-01-01,08:49:00,Thursday,3,8,Normal,1,0.10957609728439444,Normal
2026-01-01 08:50:00,65.57823879737997,5.07700758753122,0.2879122235560803,0.4430806584021809,-0.0555256065458769,-0.0839633888749131,2026-01-01,08:50:00,Thursday,3,8,Normal,1,0.0991159843075729,Normal
2026-01-01 08:51:00,66.26257645167708,5.111306688550252,0.3397965707780575,0.68433765429711,0.0342991010190321,0.0518843472219771,2026-01-01,08:51:00,Thursday,3,8,Normal,1,0.11465887667768404,Normal
2026-01-01 08:52:00,62.08568836028866,5.059283600161732,0.3554823877287004,-4.176888091388413,-0.0520230883885206,0.0156858169506428,2026-01-01,08:52:00,Thursday,3,8,Normal,1,0.06996817938077432,Normal
2026-01-01 08:53:00,64.3606575672854,5.4070146605462135,0.4722565072529458,2.2749692069967367,0.3477310603844818,0.1167741195242454,2026-01-01,08:53:00,Thursday,3,8,Normal,1,0.016089963102679683,Normal
2026-01-01 08:54:00,64.05925469141441,4.982581165789498,0.2811342172239816,-0.3014028758709912,-0.4244334947567152,-0.1911222900289642,2026-01-01,08:54:00,Thursday,3,8,Normal,-1,-0.03166352472773398,Warning
2026-01-01 08:55:00,63.722244303513314,4.938583356333084,0.4236007283245067,-0.3370103879010955,-0.0439978094564139,0.1424665111005251,2026-01-01,08:55:00,Thursday,3,8,Normal,1,0.06049895992409038,Normal
2026-01-01 08:56:00,64.44971549754663,4.849294483928524,0.357492120699364,0.7274711940333205,-0.0892888724045599,-0.0661086076251427,2026-01-01,08:56:00,Thursday,3,8,Normal,1,0.10567967311899218,Normal
2026-01-01 08:57:00,67.9898826224688,4.793547465884433,0.3705585959007981,3.540167124922164,-0.0557470180440917,0.0130664752014341,2026-01-01,08:57:00,Thursday,3,8,Normal,1,0.08483540705613563,Normal
2026-01-01 08:58:00,63.26833776861351,4.751105642479785,0.3559173956694102,-4.721544853855285,-0.0424418234046477,-0.0146412002313879,2026-01-01,08:58:00,Thursday,3,8,Normal,1,0.06302363700407554,Normal
2026-01-01 08:59:00,66.93655670918297,4.822240537353816,0.3722363409097616,3.668218940569453,0.0711348948740315,0.0163189452403514,2026-01-01,08:59:00,Thursday,3,8,Normal,1,0.09530986343053705,Normal
2026-01-01 09:00:00,61.63426045676839,4.985863923669585,0.3423157447818991,-5.302296252414578,0.163623386315769,-0.0299205961278625,2026-01-01,09:00:00,Thursday,3,9,Normal,1,0.048110289300060505,Normal
2026-01-01 09:01:00,64.33022994002845,5.066859025699543,0.4227025090728729,2.6959694832600576,0.0809951020299575,0.0803867642909738,2026-01-01,09:01:00,Thursday,3,9,Normal,1,0.08695290318520332,Normal
2026-01-01 09:02:00,65.32550613021002,5.0102284117104325,0.3271764427887638,0.9952761901815704,-0.0566306139891104,-0.095526066284109,2026-01-01,09:02:00,Thursday,3,9,Normal,1,0.10657906129716155,Normal
2026-01-01 09:03:00,66.17244466271856,4.846892944514058,0.4066117286089624,0.8469385325085454,-0.1633354671963749,0.0794352858201985,2026-01-01,09:03:00,Thursday,3,9,Normal,1,0.09379812803699067,Normal
2026-01-01 09:04:00,66.42245315958571,5.180036912803993,0.3177816439893488,0.250008496867153,0.3331439682899351,-0.0888300846196135,2026-01-01,09:04:00,Thursday,3,9,Normal,1,0.08369803434837336,Normal
2026-01-01 09:05:00,66.58669447039985,5.147882534460189,0.3469874076799356,0.164241310814134,-0.0321543783438036,0.0292057636905868,2026-01-01,09:05:00,Thursday,3,9,Normal,1,0.11660971760944633,Normal
2026-01-01 09:06:00,64.30254985550313,4.968070338515597,0.296401872385489,-2.284144614896718,-0.1798121959445922,-0.0505855352944466,2026-01-01,09:06:00,Thursday,3,9,Normal,1,0.08867831360671491,Normal
2026-01-01 09:07:00,64.07529641467086,4.8694167710670575,0.372751186017376,-0.2272534408322712,-0.0986535674485393,0.076349313631887,2026-01-01,09:07:00,Thursday,3,9,Normal,1,0.10252266447377123,Normal
2026-01-01 09:08:00,66.71595176251431,5.10968558416596,0.4222562978463267,2.640655347843449,0.2402688130989023,0.0495051118289506,2026-01-01,09:08:00,Thursday,3,9,Normal,1,0.09405881780704056,Normal
2026-01-01 09:09:00,64.61739135023677,5.037594717497221,0.3461321910089572,-2.098560412277536,-0.0720908666687387,-0.0761241068373694,2026-01-01,09:09:00,Thursday,3,9,Normal,1,0.10422062562894424,Normal
2026-01-01 09:10:00,62.44862735332416,4.710374548116991,0.3401557150648045,-2.1687639969126167,-0.3272201693802303,-0.0059764759441527,2026-01-01,09:10:00,Thursday,3,9,Normal,1,0.06609451527239235,Normal
2026-01-01 09:11:00,62.73342557199304,4.986403948803119,0.2942691518466036,0.2847982186688824,0.2760294006861281,-0.0458865632182008,2026-01-01,09:11:00,Thursday,3,9,Normal,1,0.07934055663808809,Normal
2026-01-01 09:12:00,63.16109542799678,5.052407162414876,0.3385353673223846,0.4276698560037388,0.0660032136117569,0.0442662154757809,2026-01-01,09:12:00,Thursday,3,9,Normal,1,0.11331654780596478,Normal
2026-01-01 09:13:00,65.99432148810753,4.8200610427024495,0.2703602870139235,2.833226060110753,-0.2323461197124263,-0.068175080308461,2026-01-01,09:13:00,Thursday,3,9,Normal,1,0.058978658924925265,Normal
2026-01-01 09:14:00,65.28485147214113,5.037968678567489,0.3043561006640586,-0.7094700159664029,0.2179076358650391,0.033995813650135,2026-01-01,09:14:00,Thursday,3,9,Normal,1,0.10750620111887066,Normal
2026-01-01 09:15:00,66.38097070813554,4.709035502948442,0.3613393023054567,1.096119235994408,-0.3289331756190465,0.0569832016413981,2026-01-01,09:15:00,Thursday,3,9,Normal,1,0.09159750283909301,Normal
2026-01-01 09:16:00,64.14549470732693,5.267237220002434,0.4159506598870698,-2.235476000808603,0.5582017170539917,0.054611357581613,2026-01-01,09:16:00,Thursday,3,9,Normal,1,0.04510539395456553,Normal
2026-01-01 09:17:00,65.31707938215342,5.249589997011887,0.4904605430614751,1.1715846748264909,-0.0176472229905471,0.0745098831744053,2026-01-01,09:17:00,Thursday,3,9,Normal,1,0.0718468759848061,Normal
2026-01-01 09:18:00,66.25118078793467,4.949496533139407,0.3206707457464549,0.9341014057812488,-0.3000934638724795,-0.1697897973150202,2026-01-01,09:18:00,Thursday,3,9,Normal,1,0.02449873568289601,Normal
2026-01-01 09:19:00,64.38130692055952,5.072690867567815,0.421765007832272,-1.869873867375148,0.1231943344284074,0.101094262085817,2026-01-01,09:19:00,Thursday,3,9,Normal,1,0.08199189047285432,Normal
2026-01-01 09:20:00,65.91355047511482,4.5180156068400255,0.3621876240200823,1.5322435545552937,-0.5546752607277892,-0.0595773838121896,2026-01-01,09:20:00,Thursday,3,9,Normal,1,0.015098593093553492,Normal
2026-01-01 09:21:00,63.676148117866695,4.768730467946933,0.3424376176626811,-2.237402357248122,0.2507148611069079,-0.0197500063574012,2026-01-01,09:21:00,Thursday,3,9,Normal,1,0.07676754884208631,Normal
2026-01-01 09:22:00,64.27389230686985,4.941244215969574,0.3716297225863076,0.5977441890031585,0.1725137480226406,0.0291921049236264,2026-01-01,09:22:00,Thursday,3,9,Normal,1,0.11154816355707414,Normal
2026-01-01 09:23:00,64.23652421200335,4.7855733957146285,0.3530958241839979,-0.0373680948665082,-0.1556708202549455,-0.0185338984023096,2026-01-01,09:23:00,Thursday,3,9,Normal,1,0.10861815867596725,Normal
2026-01-01 09:24:00,62.60832070882192,5.142879296526131,0.3555197862806109,-1.6282035031814246,0.3573059008115029,0.0024239620966129,2026-01-01,09:24:00,Thursday,3,9,Normal,1,0.09067948688397287,Normal
2026-01-01 09:25:00,65.97394496157116,5.399459306149598,0.3295833418586665,3.3656242527492424,0.2565800096234669,-0.0259364444219444,2026-01-01,09:25:00,Thursday,3,9,Normal,1,0.056256332860785185,Normal
2026-01-01 09:26:00,64.06119531959455,4.76467705611414,0.2800945170100574,-1.9127496419766172,-0.6347822500354585,-0.049488824848609,2026-01-01,09:26:00,Thursday,3,9,Normal,1,0.010194693184567727,Normal
2026-01-01 09:27:00,65.02498823745537,4.8325073191829615,0.2728187398738959,0.9637929178608288,0.0678302630688216,-0.0072757771361615,2026-01-01,09:27:00,Thursday,3,9,Normal,1,0.08875864558738122,Normal
2026-01-01 09:28:00,65.96149331781182,5.047089673661986,0.3826622441640613,0.93650508035644,0.2145823544790248,0.1098435042901654,2026-01-01,09:28:00,Thursday,3,9,Normal,1,0.07957793061231394,Normal
2026-01-01 09:29:00,65.89306235205989,5.322223229699924,0.3361649954957143,-0.0684309657519293,0.2751335560379377,-0.0464972486683469,2026-01-01,09:29:00,Thursday,3,9,Normal,1,0.091883504290383,Normal
2026-01-01 09:30:00,66.33077021794557,4.755525137492019,0.3201955550171916,0.4377078658856845,-0.566698092207905,-0.0159694404785226,2026-01-01,09:30:00,Thursday,3,9,Normal,1,0.05435344297086753,Normal
2026-01-01 09:31:00,64.80302903098115,5.0498072244613885,0.3504252813361576,-1.5277411869644195,0.2942820869693694,0.0302297263189659,2026-01-01,09:31:00,Thursday,3,9,Normal,1,0.11025046506627495,Normal
2026-01-01 09:32:00,64.1534033759117,5.364259770162622,0.3897466126457813,-0.6496256550694568,0.3144525457012337,0.0393213313096237,2026-01-01,09:32:00,Thursday,3,9,Normal,1,0.08771644429417152,Normal
2026-01-01 09:33:00,64.8405635781872,4.669648170364146,0.3590181971513199,0.687160202275507,-0.6946115997984759,-0.0307284154944614,2026-01-01,09:33:00,Thursday,3,9,Normal,1,0.023711059062671236,Normal
2026-01-01 09:34:00,61.62533113208394,4.743786158630834,0.3171972531679516,-3.2152324461032578,0.0741379882666875,-0.0418209439833682,2026-01-01,09:34:00,Thursday,3,9,Normal,1,0.05626230750204342,Normal
2026-01-01 09:35:00,62.10577505515383,4.915278678707832,0.4113146477824475,0.4804439230698847,0.1714925200769981,0.0941173946144958,2026-01-01,09:35:00,Thursday,3,9,Normal,1,0.05436590454386131,Normal
2026-01-01 09:36:00,62.3546007752912,4.895882317428918,0.4289592751490816,0.2488257201373684,-0.0193963612789138,0.0176446273666341,2026-01-01,09:36:00,Thursday,3,9,Normal,1,0.08456288443443027,Normal
2026-01-01 09:37:00,63.00550634479704,5.162520257550729,0.3747278327661426,0.6509055695058379,0.2666379401218108,-0.0542314423829389,2026-01-01,09:37:00,Thursday,3,9,Normal,1,0.08808299450037149,Normal
2026-01-01 09:38:00,65.79954845344687,5.048331943964167,0.3986831755672045,2.7940421086498404,-0.1141883135865615,0.0239553428010618,2026-01-01,09:38:00,Thursday,3,9,Normal,1,0.11312061938071472,Normal
2026-01-01 09:39:00,63.18904188927988,4.645007588071574,0.4120979998406905,-2.6105065641669967,-0.4033243558925932,0.013414824273486,2026-01-01,09:39:00,Thursday,3,9,Normal,1,0.04505599614105016,Normal
2026-01-01 09:40:00,64.24367489192122,5.103082080580162,0.4065049658202256,1.0546330026413386,0.4580744925085875,-0.0055930340204648,2026-01-01,09:40:00,Thursday,3,9,Normal,1,0.08418139618806864,Normal
2026-01-01 09:41:00,67.59845659557213,4.88449222252887,0.3807049588556311,3.3547817036509144,-0.2185898580512919,-0.0258000069645945,2026-01-01,09:41:00,Thursday,3,9,Normal,1,0.07751874847261436,Normal
2026-01-01 09:42:00,64.28747205787715,5.254889443388247,0.3799173523537441,-3.310984537694978,0.3703972208593775,-0.000787606501887,2026-01-01,09:42:00,Thursday,3,9,Normal,1,0.0736322323297462,Normal
2026-01-01 09:43:00,66.47503113693418,4.874482492712616,0.3759830286673251,2.1875590790570243,-0.3804069506756313,-0.0039343236864189,2026-01-01,09:43:00,Thursday,3,9,Normal,1,0.09584545063746408,Normal
2026-01-01 09:44:00,63.132764639980245,4.8726769433795525,0.2951331162726478,-3.3422664969539326,-0.0018055493330635,-0.0808499123946773,2026-01-01,09:44:00,Thursday,3,9,Normal,1,0.07366496050035615,Normal
2026-01-01 09:45:00,64.58912488426473,5.108226322160906,0.3850361578429793,1.4563602442844896,0.2355493787813536,0.0899030415703314,2026-01-01,09:45:00,Thursday,3,9,Normal,1,0.08833595444167897,Normal
2026-01-01 09:46:00,63.09995589017884,5.152585296467388,0.2822093014436723,-1.489168994085894,0.0443589743064816,-0.102826856399307,2026-01-01,09:46:00,Thursday,3,9,Normal,1,0.06815061648117099,Normal
2026-01-01 09:47:00,64.32193384819888,5.089619872787241,0.3102700272437472,1.221977958020041,-0.0629654236801471,0.0280607258000749,2026-01-01,09:47:00,Thursday,3,9,Normal,1,0.10945953396455077,Normal
2026-01-01 09:48:00,66.6806162749148,4.662880536523039,0.4151782533904044,2.358682426715916,-0.4267393362642018,0.1049082261466571,2026-01-01,09:48:00,Thursday,3,9,Normal,1,0.028749568341788156,Normal
2026-01-01 09:49:00,61.5453591536153,5.10760688798565,0.3920110081347098,-5.135257121299496,0.4447263514626112,-0.0231672452556945,2026-01-01,09:49:00,Thursday,3,9,Normal,1,0.019613191755160242,Normal
2026-01-01 09:50:00,65.86884728709171,4.7931383896651205,0.4243699144842931,4.32348813347641,-0.3144684983205295,0.0323589063495832,2026-01-01,09:50:00,Thursday,3,9,Normal,1,0.0509095181578097,Normal
2026-01-01 09:51:00,65.47547120466456,5.047055222317653,0.3364162808156353,-0.393376082427153,0.253916832652532,-0.0879536336686577,2026-01-01,09:51:00,Thursday,3,9,Normal,1,0.10114625251587278,Normal
2026-01-01 09:52:00,63.811700088606415,4.715253112920188,0.2923875579361616,-1.6637711160581432,-0.331802109397465,-0.0440287228794737,2026-01-01,09:52:00,Thursday,3,9,Normal,1,0.06923603351790941,Normal
2026-01-01 09:53:00,62.10788429122309,5.089264429508613,0.3379781401464828,-1.7038157973833208,0.3740113165884251,0.0455905822103212,2026-01-01,09:53:00,Thursday,3,9,Normal,1,0.07559815913715934,Normal
2026-01-01 09:54:00,65.14425901542774,4.838680219138525,0.3551015648620287,3.036374724204641,-0.2505842103700875,0.0171234247155458,2026-01-01,09:54:00,Thursday,3,9,Normal,1,0.09735903322123224,Normal
2026-01-01 09:55:00,63.9410145818724,4.743473069947895,0.3539494358170004,-1.2032444335553407,-0.0952071491906298,-0.0011521290450282,2026-01-01,09:55:00,Thursday,3,9,Normal,1,0.10285081810681229,Normal
2026-01-01 09:56:00,65.4653524227094,5.14276402729648,0.4066840239378351,1.5243378408370063,0.399290957348585,0.0527345881208346,2026-01-01,09:56:00,Thursday,3,9,Normal,1,0.08545639323093374,Normal
2026-01-01 09:57:00,65.04370429104688,5.04832890433535,0.3319364787498277,-0.421648131662522,-0.0944351229611299,-0.0747475451880074,2026-01-01,09:57:00,Thursday,3,9,Normal,1,0.1114867679459009,Normal
2026-01-01 09:58:00,68.20355778264184,4.877204639721421,0.3676017235901462,3.1598534915949585,-0.1711242646139297,0.0356652448403185,2026-01-01,09:58:00,Thursday,3,9,Normal,1,0.09248269876044879,Normal
2026-01-01 09:59:00,64.52128874505395,5.290235769804212,0.3005686425282696,-3.6822690375878864,0.4130311300827918,-0.0670330810618765,2026-01-01,09:59:00,Thursday,3,9,Normal,1,0.03988745407412014,Normal
2026-01-01 10:00:00,62.95300501475627,4.911869515686052,0.3725158639021906,-1.568283730297679,-0.3783662541181609,0.0719472213739209,2026-01-01,10:00:00,Thursday,3,10,Normal,1,0.077497277899789,Normal
2026-01-01 10:01:00,65.35855126991264,5.006421534794187,0.3501554275092818,2.4055462551563664,0.0945520191081357,-0.0223604363929088,2026-01-01,10:01:00,Thursday,3,10,Normal,1,0.11893150979552336,Normal
2026-01-01 10:02:00,65.43999336794353,5.05378268953572,0.3125093330857741,0.0814420980308909,0.0473611547415329,-0.0376460944235076,2026-01-01,10:02:00,Thursday,3,10,Normal,1,0.12015783569651062,Normal
2026-01-01 10:03:00,67.71837515048087,4.876066813174277,0.3382085318912573,2.2783817825373376,-0.177715876361443,0.0256991988054832,2026-01-01,10:03:00,Thursday,3,10,Normal,1,0.10615732339271766,Normal
2026-01-01 10:04:00,66.67022249182915,5.094227258679986,0.3407912126742389,-1.0481526586517165,0.2181604455057089,0.0025826807829815,2026-01-01,10:04:00,Thursday,3,10,Normal,1,0.11319181159707958,Normal
2026-01-01 10:05:00,65.71374211829902,4.893309530567056,0.3364922435331451,-0.9564803735301268,-0.2009177281129304,-0.0042989691410937,2026-01-01,10:05:00,Thursday,3,10,Normal,1,0.11529132162945077,Normal
2026-01-01 10:06:00,67.92660578243913,4.917672335556758,0.4385670621133841,2.2128636641401016,0.0243628049897024,0.1020748185802389,2026-01-01,10:06:00,Thursday,3,10,Normal,1,0.06455202092660528,Normal
2026-01-01 10:07:00,62.622473891354296,5.272528527960668,0.345077699884606,-5.304131891084829,0.3548561924039104,-0.0934893622287781,2026-01-01,10:07:00,Thursday,3,10,Normal,1,0.006664797610267559,Normal
2026-01-01 10:08:00,63.7204969345005,4.791882789497514,0.3378051944911331,1.098023043146206,-0.4806457384631546,-0.0072725053934729,2026-01-01,10:08:00,Thursday,3,10,Normal,1,0.0737734644598424,Normal
2026-01-01 10:09:00,63.14684811718895,4.517443933814102,0.2451274521194928,-0.5736488173115504,-0.2744388556834121,-0.0926777423716402,2026-01-01,10:09:00,Thursday,3,10,Normal,-1,-0.01655858429984819,Warning
2026-01-01 10:10:00,64.22038039368846,5.322187399002379,0.3052896324010261,1.073532276499506,0.8047434651882774,0.0601621802815332,2026-01-01,10:10:00,Thursday,3,10,Normal,-1,-0.007177196477733072,Warning
2026-01-01 10:11:00,62.24662770488738,5.5098655905214,0.3368463287771823,-1.9737526888010777,0.1876781915190211,0.0315566963761562,2026-01-01,10:11:00,Thursday,3,10,Normal,1,0.04197348445773552,Normal
2026-01-01 10:12:00,66.27030189362881,4.918946146910134,0.3157073661911678,4.023674188741431,-0.5909194436112664,-0.0211389625860144,2026-01-01,10:12:00,Thursday,3,10,Normal,1,0.024700884172072446,Normal
2026-01-01 10:13:00,64.55555460580246,4.612632391875963,0.4190853796688898,-1.7147472878263557,-0.3063137550341706,0.1033780134777219,2026-01-01,10:13:00,Thursday,3,10,Normal,1,0.03251840148921975,Normal
2026-01-01 10:14:00,62.05838741099468,4.937903204760811,0.341753111230189,-2.4971671948077727,0.325270812884848,-0.0773322684387007,2026-01-01,10:14:00,Thursday,3,10,Normal,1,0.060453611272711705,Normal
2026-01-01 10:15:00,62.96884183758492,4.942755410031866,0.4144222124659126,0.9104544265902348,0.0048522052710548,0.0726691012357235,2026-01-01,10:15:00,Thursday,3,10,Normal,1,0.0949187402068562,Normal
2026-01-01 10:16:00,65.62702769490039,4.962015231795548,0.3530852317025184,2.6581858573154733,0.0192598217636819,-0.0613369807633942,2026-01-01,10:16:00,Thursday,3,10,Normal,1,0.10838318257547169,Normal
2026-01-01 10:17:00,66.67625313578876,4.77732239161563,0.3518613918210788,1.049225440888364,-0.1846928401799177,-0.0012238398814395,2026-01-01,10:17:00,Thursday,3,10,Normal,1,0.10955231583303732,Normal
2026-01-01 10:18:00,68.99346178338357,5.115912228495295,0.3455601776143749,2.3172086475948106,0.3385898368796649,-0.0063012142067038,2026-01-01,10:18:00,Thursday,3,10,Normal,1,0.06317596861609476,Normal
2026-01-01 10:19:00,70.82772493201466,5.1049014750572175,0.3501898125810729,1.834263148631095,-0.0110107534380778,0.004629634966698,2026-01-01,10:19:00,Thursday,3,10,Normal,1,0.06901946916944957,Normal
2026-01-01 10:20:00,65.828818866552,4.701118876036139,0.435939750152493,-4.998906065462663,-0.4037825990210786,0.08574993757142,2026-01-01,10:20:00,Thursday,3,10,Normal,1,0.0007293935540381713,Normal
2026-01-01 10:21:00,63.020923759936274,5.139839346338977,0.234019463662439,-2.8078951066157245,0.4387204703028384,-0.2019202864900539,2026-01-01,10:21:00,Thursday,3,10,Normal,-1,-0.055457460616852916,Warning
2026-01-01 10:22:00,60.73590743853738,5.410536996389178,0.249922712778066,-2.285016321398892,0.2706976500502005,0.0159032491156269,2026-01-01,10:22:00,Thursday,3,10,Normal,-1,-0.004871241116316372,Warning
2026-01-01 10:23:00,65.53542292468767,5.034392066487412,0.3228414584471943,4.799515486150284,-0.3761449299017663,0.0729187456691282,2026-01-01,10:23:00,Thursday,3,10,Normal,1,0.027954547731936952,Normal
2026-01-01 10:24:00,63.37411780937935,4.932534967586299,0.3507263940968784,-2.1613051153083163,-0.1018570989011129,0.0278849356496841,2026-01-01,10:24:00,Thursday,3,10,Normal,1,0.10720587562638623,Normal
2026-01-01 10:25:00,64.16928547964064,4.971599357118496,0.3845052212382006,0.7951676702612858,0.0390643895321973,0.0337788271413221,2026-01-01,10:25:00,Thursday,3,10,Normal,1,0.12630342808743544,Normal
2026-01-01 10:26:00,63.77580640188038,5.123051353393712,0.3736543599013737,-0.3934790777602543,0.1514519962752158,-0.0108508613368268,2026-01-01,10:26:00,Thursday,3,10,Normal,1,0.11273886557254442,Normal
2026-01-01 10:27:00,64.71841822716723,4.653865678898557,0.3307877043559715,0.9426118252868534,-0.4691856744951552,-0.0428666555454022,2026-01-01,10:27:00,Thursday,3,10,Normal,1,0.06138894309118309,Normal
2026-01-01 10:28:00,67.13196046157529,5.032878140595461,0.4009521846620881,2.4135422344080557,0.3790124616969041,0.0701644803061166,2026-01-01,10:28:00,Thursday,3,10,Normal,1,0.07395894681388898,Normal
2026-01-01 10:29:00,65.31409713489069,4.921907210107438,0.4015097701576365,-1.817863326684602,-0.1109709304880226,0.0005575854955484,2026-01-01,10:29:00,Thursday,3,10,Normal,1,0.11531433083935039,Normal
2026-01-01 10:30:00,64.68273032592262,5.369565002591209,0.3592028915635782,-0.6313668089680675,0.4476577924837706,-0.0423068785940582,2026-01-01,10:30:00,Thursday,3,10,Normal,1,0.06943222973792867,Normal
2026-01-01 10:31:00,62.928692494348375,4.965165453239009,0.398132878624342,-1.7540378315742444,-0.4043995493521999,0.0389299870607637,2026-01-01,10:31:00,Thursday,3,10,Normal,1,0.07773601236718147,Normal
2026-01-01 10:32:00,61.65063411059128,5.333577522223904,0.3636322631716064,-1.2780583837570916,0.3684120689848953,-0.0345006154527356,2026-01-01,10:32:00,Thursday,3,10,Normal,1,0.05544958503231456,Normal
2026-01-01 10:33:00,64.02738418185334,4.779251860443599,0.3219258486608558,2.376750071262052,-0.5543256617803056,-0.0417064145107506,2026-01-01,10:33:00,Thursday,3,10,Normal,1,0.045112411128001795,Normal
2026-01-01 10:34:00,64.89243489836336,5.117451833360558,0.3848908419500002,0.8650507165100265,0.3381999729169598,0.0629649932891444,2026-01-01,10:34:00,Thursday,3,10,Normal,1,0.0988771785662132,Normal
2026-01-01 10:35:00,68.53585982715977,5.063880052758246,0.3555306561289338,3.6434249287964064,-0.0535717806023123,-0.0293601858210663,2026-01-01,10:35:00,Thursday,3,10,Normal,1,0.08437305919500682,Normal
2026-01-01 10:36:00,65.26054904294577,4.826190550427044,0.3500669923377243,-3.275310784214,-0.237689502331202,-0.0054636637912095,2026-01-01,10:36:00,Thursday,3,10,Normal,1,0.09446766392581474,Normal
2026-01-01 10:37:00,66.96547902204611,5.035479222927388,0.4236476786094787,1.704929979100342,0.2092886725003442,0.0735806862717544,2026-01-01,10:37:00,Thursday,3,10,Normal,1,0.09097710186269548,Normal
2026-01-01 10:38:00,64.0014088029217,5.24250376736632,0.2274563935729956,-2.964070219124409,0.2070245444389318,-0.1961912850364831,2026-01-01,10:38:00,Thursday,3,10,Normal,-1,-0.05101624362084772,Warning
2026-01-01 10:39:00,62.63011246716595,4.93524165914268,0.2791157914920215,-1.3712963357557513,-0.3072621082236404,0.0516593979190258,2026-01-01,10:39:00,Thursday,3,10,Normal,1,0.04964222559411352,Normal
2026-01-01 10:40:00,63.06976647553525,4.661607470166048,0.2906464786812814,0.4396540083693026,-0.273634188976632,0.0115306871892599,2026-01-01,10:40:00,Thursday,3,10,Normal,1,0.06134685728270811,Normal
2026-01-01 10:41:00,63.54954787092849,4.996487434704511,0.3318369676215597,0.479781395393239,0.3348799645384632,0.0411904889402782,2026-01-01,10:41:00,Thursday,3,10,Normal,1,0.09624786981668831,Normal
2026-01-01 10:42:00,69.25693946487033,4.819515381041498,0.3372695915116985,5.707391593941836,-0.1769720536630128,0.0054326238901388,2026-01-01,10:42:00,Thursday,3,10,Normal,1,0.025200252415412128,Normal
2026-01-01 10:43:00,63.35722664155123,4.931531812267224,0.2746337176113476,-5.899712823319099,0.1120164312257259,-0.0626358739003509,2026-01-01,10:43:00,Thursday,3,10,Normal,1,0.026938127108804277,Normal
2026-01-01 10:44:00,66.67697840747269,4.983682446062976,0.3007420983844586,3.31975176592146,0.052150633795752,0.026108380773111,2026-01-01,10:44:00,Thursday,3,10,Normal,1,0.10288496895891264,Normal
2026-01-01 10:45:00,63.19414564382595,4.658869556796897,0.3069579160738214,-3.4828327636467407,-0.3248128892660791,0.0062158176893628,2026-01-01,10:45:00,Thursday,3,10,Normal,1,0.047761718865151015,Normal
2026-01-01 10:46:00,66.86314602574849,4.676868332135864,0.4728712046037945,3.669000381922544,0.0179987753389676,0.1659132885299731,2026-01-01,10:46:00,Thursday,3,10,Normal,-1,-0.02780976617976455,Warning
2026-01-01 10:47:00,65.76990193221172,5.0964133671051055,0.4400870973873573,-1.093244093536768,0.4195450349692411,-0.0327841072164372,2026-01-01,10:47:00,Thursday,3,10,Normal,1,0.08139868635402703,Normal
2026-01-01 10:48:00,64.68672420468381,4.895456260766064,0.3294125291157675,-1.0831777275279109,-0.2009571063390414,-0.1106745682715897,2026-01-01,10:48:00,Thursday,3,10,Normal,1,0.08457274148021338,Normal
2026-01-01 10:49:00,64.91847494772914,4.487051131635886,0.33182083548466,0.2317507430453247,-0.4084051291301778,0.0024083063688924,2026-01-01,10:49:00,Thursday,3,10,Normal,1,0.03673720308353379,Normal
2026-01-01 10:50:00,63.69042460914122,5.156968807321627,0.2925398001405853,-1.22805033858792,0.669917675685741,-0.0392810353440747,2026-01-01,10:50:00,Thursday,3,10,Normal,1,0.024161164188413742,Normal
2026-01-01 10:51:00,65.89214440296416,5.054473951054848,0.2545934793387366,2.201719793822946,-0.1024948562667793,-0.0379463208018486,2026-01-01,10:51:00,Thursday,3,10,Normal,1,0.07849625955960782,Normal
2026-01-01 10:52:00,64.09003303931844,4.857225035192704,0.3441559906795737,-1.8021113636457216,-0.1972489158621444,0.089562511340837,2026-01-01,10:52:00,Thursday,3,10,Normal,1,0.0828924620316554,Normal
2026-01-01 10:53:00,62.5487884724655,4.736633957788352,0.3001074008377987,-1.5412445668529386,-0.1205910774043514,-0.044048589841775,2026-01-01,10:53:00,Thursday,3,10,Normal,1,0.06953910490088111,Normal
2026-01-01 10:54:00,62.44412485136076,5.167161579262867,0.3457574734168995,-0.1046636211047413,0.430527621474515,0.0456500725791008,2026-01-01,10:54:00,Thursday,3,10,Normal,1,0.06861455718352166,Normal
2026-01-01 10:55:00,65.34517583544424,5.069870124512086,0.2699897075478261,2.901050984083476,-0.0972914547507812,-0.0757677658690734,2026-01-01,10:55:00,Thursday,3,10,Normal,1,0.07560943982621149,Normal
2026-01-01 10:56:00,68.15818251282087,5.476520456536814,0.3119012770844871,2.8130066773766345,0.4066503320247285,0.041911569536661,2026-01-01,10:56:00,Thursday,3,10,Normal,1,0.02793723488760841,Normal
2026-01-01 10:57:00,65.31998322714688,5.084037719744988,0.3574313547651415,-2.838199285673994,-0.3924827367918269,0.0455300776806544,2026-01-01,10:57:00,Thursday,3,10,Normal,1,0.07407251279549704,Normal
2026-01-01 10:58:00,64.76272334778024,5.077540628252403,0.3683104798891968,-0.5572598793666401,-0.0064970914925845,0.0108791251240553,2026-01-01,10:58:00,Thursday,3,10,Normal,1,0.1265921556989314,Normal
2026-01-01 10:59:00,65.57165227920508,4.966614413978287,0.3708735979371007,0.8089289314248447,-0.1109262142741158,0.0025631180479038,2026-01-01,10:59:00,Thursday,3,10,Normal,1,0.13055707597444116,Normal
2026-01-01 11:00:00,67.61200348341364,5.163355173440158,0.2839755507921481,2.0403512042085623,0.1967407594618713,-0.0868980471449526,2026-01-01,11:00:00,Thursday,3,11,Normal,1,0.06384421567318194,Normal
2026-01-01 11:01:00,65.4387650027277,5.125017040249631,0.392734286506778,-2.1732384806859386,-0.0383381331905274,0.1087587357146299,2026-01-01,11:01:00,Thursday,3,11,Normal,1,0.07427985771441181,Normal
2026-01-01 11:02:00,64.17814553833253,5.250345001713039,0.3099894151699074,-1.2606194643951767,0.1253279614634079,-0.0827448713368705,2026-01-01,11:02:00,Thursday,3,11,Normal,1,0.08561630251952107,Normal
2026-01-01 11:03:00,67.21257742011977,4.895735416272543,0.3816428957303653,3.034431881787242,-0.354609585440496,0.0716534805604578,2026-01-01,11:03:00,Thursday,3,11,Normal,1,0.07452503356947726,Normal
2026-01-01 11:04:00,65.85751287692322,4.912918505411208,0.3494680661690903,-1.3550645431965478,0.0171830891386646,-0.0321748295612749,2026-01-01,11:04:00,Thursday,3,11,Normal,1,0.12035582295057445,Normal
2026-01-01 11:05:00,68.07151198399198,4.904179365817604,0.2811806250461026,2.2139991070687586,-0.0087391395936036,-0.0682874411229877,2026-01-01,11:05:00,Thursday,3,11,Normal,1,0.06806607733125719,Normal
2026-01-01 11:06:00,65.36646887444381,5.158160344235798,0.3341901147709405,-2.7050431095481717,0.2539809784181939,0.0530094897248379,2026-01-01,11:06:00,Thursday,3,11,Normal,1,0.0884742860179688,Normal
2026-01-01 11:07:00,62.551061936559,5.2996748880593465,0.3682681871031883,-2.815406937884809,0.1415145438235487,0.0340780723322478,2026-01-01,11:07:00,Thursday,3,11,Normal,1,0.07320088851042234,Normal
2026-01-01 11:08:00,62.26368160150867,4.90823190137014,0.3806482690237299,-0.2873803350503294,-0.3914429866892064,0.0123800819205415,2026-01-01,11:08:00,Thursday,3,11,Normal,1,0.07422328323162802,Normal
2026-01-01 11:09:00,68.3018558644625,4.915045254441382,0.342950605127779,6.038174262953824,0.0068133530712417,-0.0376976638959509,2026-01-01,11:09:00,Thursday,3,11,Normal,1,0.04135649412946629,Normal
2026-01-01 11:10:00,68.44733144156659,5.06281544477396,0.4265889445300526,0.1454755771040936,0.1477701903325776,0.0836383394022736,2026-01-01,11:10:00,Thursday,3,11,Normal,1,0.07007059889279343,Normal
2026-01-01 11:11:00,64.6409615734348,4.95084769999742,0.4003755385493279,-3.806369868131796,-0.1119677447765399,-0.0262134059807246,2026-01-01,11:11:00,Thursday,3,11,Normal,1,0.08163853225433926,Normal
2026-01-01 11:12:00,64.23362535772803,5.190410730627978,0.3371672941800123,-0.4073362157067635,0.239563030630558,-0.0632082443693156,2026-01-01,11:12:00,Thursday,3,11,Normal,1,0.1015992537964015,Normal
2026-01-01 11:13:00,67.92288858448441,4.549644541876191,0.3875060906068472,3.689263226756381,-0.6407661887517868,0.0503387964268348,2026-01-01,11:13:00,Thursday,3,11,Normal,-1,-0.00956952786066173,Warning
2026-01-01 11:14:00,62.78590863591303,4.834658990616621,0.4466896742594093,-5.136979948571387,0.28501444874043,0.0591835836525621,2026-01-01,11:14:00,Thursday,3,11,Normal,1,0.015879324259035876,Normal
2026-01-01 11:15:00,63.21054596208835,4.843516733207711,0.4480242300391513,0.424637326175322,0.0088577425910898,0.001334555779742,2026-01-01,11:15:00,Thursday,3,11,Normal,1,0.09082329281781026,Normal
2026-01-01 11:16:00,66.28665358937809,4.535928797522771,0.2886000059588751,3.076107627289744,-0.30758793568494,-0.1594242240802762,2026-01-01,11:16:00,Thursday,3,11,Normal,-1,-0.03667288415240527,Warning
2026-01-01 11:17:00,64.21078975428082,4.807272311126239,0.3036733444421424,-2.075863835097266,0.2713435136034681,0.0150733384832673,2026-01-01,11:17:00,Thursday,3,11,Normal,1,0.07783425230646024,Normal
2026-01-01 11:18:00,64.98975626655985,4.816968776830815,0.4242459393366925,0.7789665122790268,0.0096964657045761,0.12057259489455,2026-01-01,11:18:00,Thursday,3,11,Normal,1,0.07117968334976948,Normal
2026-01-01 11:19:00,64.67311420295097,4.959779069096234,0.2970859474581181,-0.3166420636088816,0.1428102922654188,-0.1271599918785744,2026-01-01,11:19:00,Thursday,3,11,Normal,1,0.06286205523753108,Normal
2026-01-01 11:20:00,65.67514909759787,5.222593178332053,0.283872943335416,1.002034894646897,0.2628141092358191,-0.013213004122702,2026-01-01,11:20:00,Thursday,3,11,Normal,1,0.08631755615806735,Normal
2026-01-01 11:21:00,67.81496372262744,4.95098786976186,0.3256902934650476,2.1398146250295724,-0.2716053085701935,0.0418173501296316,2026-01-01,11:21:00,Thursday,3,11,Normal,1,0.09378330607595853,Normal
2026-01-01 11:22:00,65.18116981380349,4.793837255945769,0.3710113354737293,-2.6337939088239466,-0.15715061381609,0.0453210420086816,2026-01-01,11:22:00,Thursday,3,11,Normal,1,0.09750144467724303,Normal
2026-01-01 11:23:00,66.28787758655372,4.988609091757295,0.3448801646694451,1.1067077727502266,0.1947718358115251,-0.0261311708042841,2026-01-01,11:23:00,Thursday,3,11,Normal,1,0.1107098692134148,Normal
2026-01-01 11:24:00,60.89965579793795,5.20983472428827,0.3174718189797204,-5.388221788615766,0.2212256325309756,-0.0274083456897247,2026-01-01,11:24:00,Thursday,3,11,Normal,1,0.01841544701799963,Normal
2026-01-01 11:25:00,64.90256319613977,4.804808236777019,0.3162893769137745,4.002907398201813,-0.4050264875112512,-0.0011824420659458,2026-01-01,11:25:00,Thursday,3,11,Normal,1,0.05943669563523679,Normal
2026-01-01 11:26:00,63.31353945941426,4.817885023215711,0.3143831467793645,-1.5890237367255082,0.0130767864386918,-0.0019062301344099,2026-01-01,11:26:00,Thursday,3,11,Normal,1,0.10272122186369065,Normal
2026-01-01 11:27:00,62.56237387915274,5.111709791854845,0.3060245185670528,-0.7511655802615138,0.2938247686391344,-0.0083586282123117,2026-01-01,11:27:00,Thursday,3,11,Normal,1,0.08477437618146205,Normal
2026-01-01 11:28:00,63.243695266142495,4.95569277685384,0.4640816438638031,0.681321386989751,-0.1560170150010051,0.1580571252967502,2026-01-01,11:28:00,Thursday,3,11,Normal,1,0.021961329479924296,Normal
2026-01-01 11:29:00,64.33175311859837,5.1294969381418944,0.3648755535592777,1.0880578524558755,0.1738041612880545,-0.0992060903045253,2026-01-01,11:29:00,Thursday,3,11,Normal,1,0.08602741847814394,Normal
2026-01-01 11:30:00,66.83180508471203,4.997270641640941,0.3943379527202369,2.5000519661136598,-0.1322262965009537,0.0294623991609592,2026-01-01,11:30:00,Thursday,3,11,Normal,1,0.11223353861180924,Normal
2026-01-01 11:31:00,62.34721456452087,5.1403327296179135,0.3255461265940538,-4.484590520191162,0.1430620879769728,-0.0687918261261831,2026-01-01,11:31:00,Thursday,3,11,Normal,1,0.04530546109562683,Normal
2026-01-01 11:32:00,65.06126298518883,4.792984377191872,0.3407021661406975,2.7140484206679645,-0.3473483524260414,0.0151560395466437,2026-01-01,11:32:00,Thursday,3,11,Normal,1,0.08688746703151978,Normal
2026-01-01 11:33:00,64.03166113333285,4.997583069842347,0.3143223009314822,-1.0296018518559862,0.2045986926504746,-0.0263798652092153,2026-01-01,11:33:00,Thursday,3,11,Normal,1,0.10279523939839963,Normal
2026-01-01 11:34:00,64.34465381127607,4.9578619971273685,0.2174145832540398,0.3129926779432281,-0.0397210727149781,-0.0969077176774423,2026-01-01,11:34:00,Thursday,3,11,Normal,1,0.0344401165869298,Normal
2026-01-01 11:35:00,67.00551565060921,4.7568218151791735,0.2810995361576066,2.660861839333137,-0.201040181948195,0.0636849529035667,2026-01-01,11:35:00,Thursday,3,11,Normal,1,0.056219066880045576,Normal
2026-01-01 11:36:00,66.07623087400785,4.687304410426262,0.2594690660009802,-0.9292847766013635,-0.0695174047529114,-0.0216304701566263,2026-01-01,11:36:00,Thursday,3,11,Normal,1,0.06904487454535646,Normal
2026-01-01 11:37:00,67.67479621488549,5.137149807054932,0.2375108111024196,1.5985653408776417,0.4498453966286702,-0.0219582548985606,2026-01-01,11:37:00,Thursday,3,11,Normal,1,0.0041130391423491175,Normal
2026-01-01 11:38:00,64.6909886415002,4.929809523556404,0.2902320512850948,-2.983807573385292,-0.207340283498528,0.0527212401826752,2026-01-01,11:38:00,Thursday,3,11,Normal,1,0.06579522494175077,Normal
2026-01-01 11:39:00,63.6081147766586,4.795543943670534,0.4162477839690815,-1.082873864841602,-0.13426557988587,0.1260157326839867,2026-01-01,11:39:00,Thursday,3,11,Normal,1,0.052479794902976384,Normal
2026-01-01 11:40:00,64.552282366239,4.980764212615334,0.3477781916147822,0.9441675895804024,0.1852202689447999,-0.0684695923542992,2026-01-01,11:40:00,Thursday,3,11,Normal,1,0.1021625780438451,Normal
2026-01-01 11:41:00,65.48499358254244,5.225603771469861,0.4145281881160587,0.9327112163034456,0.2448395588545269,0.0667499965012764,2026-01-01,11:41:00,Thursday,3,11,Normal,1,0.0944752421627672,Normal
2026-01-01 11:42:00,65.35314671690742,4.543852430925615,0.3705491288450437,-0.1318468656350262,-0.6817513405442455,-0.0439790592710149,2026-01-01,11:42:00,Thursday,3,11,Normal,1,0.0070218202768137505,Normal
2026-01-01 11:43:00,62.83122385553327,4.700672262019335,0.3891279412857579,-2.5219228613741507,0.1568198310937196,0.0185788124407141,2026-01-01,11:43:00,Thursday,3,11,Normal,1,0.07192000932979314,Normal
2026-01-01 11:44:00,65.18097956325575,4.815422711620947,0.3049551502347712,2.34975570772248,0.1147504496016118,-0.0841727910509867,2026-01-01,11:44:00,Thursday,3,11,Normal,1,0.08001822060686103,Normal
2026-01-01 11:45:00,65.45645666027781,5.292235773344066,0.3761975477096335,0.2754770970220619,0.476813061723119,0.0712423974748623,2026-01-01,11:45:00,Thursday,3,11,Normal,1,0.06840833005655295,Normal
2026-01-01 11:46:00,70.03494807506785,5.05651739658386,0.3864357117037172,4.578491414790037,-0.2357183767602064,0.0102381639940837,2026-01-01,11:46:00,Thursday,3,11,Normal,1,0.035991964903240026,Normal
2026-01-01 11:47:00,68.75368922256334,5.153463448092245,0.3211676353883153,-1.2812588525045072,0.0969460515083859,-0.0652680763154019,2026-01-01,11:47:00,Thursday,3,11,Normal,1,0.07772301943284948,Normal
2026-01-01 11:48:00,63.29351329888236,4.771967816174754,0.3779770185308083,-5.460175923680978,-0.3814956319174918,0.0568093831424929,2026-01-01,11:48:00,Thursday,3,11,Normal,1,0.023406969630728414,Normal
2026-01-01 11:49:00,64.42523327690165,4.776092824945895,0.3783093879287416,1.1317199780192908,0.0041250087711413,0.0003323693979333,2026-01-01,11:49:00,Thursday,3,11,Normal,1,0.11101385256761342,Normal
2026-01-01 11:50:00,62.073115996326,5.089562743344542,0.3225223689434958,-2.352117280575655,0.3134699183986473,-0.0557870189852457,2026-01-01,11:50:00,Thursday,3,11,Normal,1,0.07543915590755335,Normal
2026-01-01 11:51:00,63.81858597207302,5.011654866187089,0.2938615783864502,1.745469975747028,-0.077907877157453,-0.0286607905570456,2026-01-01,11:51:00,Thursday,3,11,Normal,1,0.10086586867253017,Normal
2026-01-01 11:52:00,65.63121000718068,5.109747763772825,0.2907935834050864,1.8126240351076603,0.0980928975857358,-0.0030679949813638,2026-01-01,11:52:00,Thursday,3,11,Normal,1,0.10718661309091021,Normal
2026-01-01 11:53:00,67.41170724177647,4.96246580181431,0.3543252770960731,1.780497234595785,-0.147281961958515,0.0635316936909867,2026-01-01,11:53:00,Thursday,3,11,Normal,1,0.10079872337933138,Normal
2026-01-01 11:54:00,63.54183232451278,5.055628745290925,0.3663504934394657,-3.869874917263687,0.0931629434766154,0.0120252163433926,2026-01-01,11:54:00,Thursday,3,11,Normal,1,0.0896520262216216,Normal
2026-01-01 11:55:00,63.6917071198644,5.031623816981022,0.3103737084771042,0.1498747953516215,-0.0240049283099033,-0.0559767849623614,2026-01-01,11:55:00,Thursday,3,11,Normal,1,0.10832803582333,Normal
2026-01-01 11:56:00,60.70542194052269,5.155553477816985,0.3513292670663049,-2.9862851793417136,0.1239296608359632,0.0409555585892006,2026-01-01,11:56:00,Thursday,3,11,Normal,1,0.05758501383530423,Normal
2026-01-01 11:57:00,64.67466815891018,5.161401656388894,0.3785268518069242,3.9692462183874895,0.0058481785719086,0.0271975847406193,2026-01-01,11:57:00,Thursday,3,11,Normal,1,0.08742880972720213,Normal
2026-01-01 11:58:00,62.87517117628087,4.676025601121646,0.380909535733265,-1.7994969826293072,-0.4853760552672481,0.0023826839263407,2026-01-01,11:58:00,Thursday,3,11,Normal,1,0.057933878736570577,Normal
2026-01-01 11:59:00,63.94112114526785,4.550546288931828,0.4275940060061244,1.0659499689869776,-0.1254793121898174,0.0466844702728593,2026-01-01,11:59:00,Thursday,3,11,Normal,1,0.05887204130836493,Normal
2026-01-01 12:00:00,63.24627844366482,5.200349079530302,0.4138490416099021,-0.6948427016030294,0.6498027905984731,-0.0137449643962222,2026-01-01,12:00:00,Thursday,3,12,Normal,1,0.0356275011024384,Normal
2026-01-01 12:01:00,64.81147489149488,5.237545018652387,0.2999354283621728,1.5651964478300613,0.0371959391220855,-0.1139136132477293,2026-01-01,12:01:00,Thursday,3,12,Normal,1,0.06439715297021392,Normal
2026-01-01 12:02:00,61.484543217286735,4.795875396097332,0.4341793104769011,-3.326931674208147,-0.4416696225550547,0.1342438821147283,2026-01-01,12:02:00,Thursday,3,12,Normal,-1,-0.02882094895373949,Warning
2026-01-01 12:03:00,62.06590950921802,4.628032918690875,0.3234511747722142,0.5813662919312819,-0.1678424774064577,-0.1107281357046868,2026-01-01,12:03:00,Thursday,3,12,Normal,1,0.025653539996935537,Normal
2026-01-01 12:04:00,69.25849422405659,5.0198069642014405,0.4022436406227213,7.192584714838574,0.3917740455105658,0.078792465850507,2026-01-01,12:04:00,Thursday,3,12,Normal,-1,-0.027432032594595424,Warning
2026-01-01 12:05:00,62.42515483745194,5.186167645270106,0.3533993313025544,-6.833339386604649,0.1663606810686655,-0.0488443093201669,2026-01-01,12:05:00,Thursday,3,12,Normal,1,0.0214721594957053,Normal
2026-01-01 12:06:00,62.80642884309072,5.359518904486863,0.3293925310771516,0.3812740056387795,0.1733512592167567,-0.0240068002254028,2026-01-01,12:06:00,Thursday,3,12,Normal,1,0.07011429717366485,Normal
2026-01-01 12:07:00,68.67382705664262,5.10325951442029,0.2596151570112533,5.867398213551901,-0.2562593900665728,-0.0697773740658982,2026-01-01,12:07:00,Thursday,3,12,Normal,-1,-0.018969692975049746,Warning
2026-01-01 12:08:00,70.81013433848081,4.925656660682861,0.3414217744891826,2.136307281838185,-0.1776028537374285,0.0818066174779292,2026-01-01,12:08:00,Thursday,3,12,Normal,1,0.041270487760829644,Normal
2026-01-01 12:09:00,62.65686674234932,4.821373875683028,0.2720308382347195,-8.153267596131492,-0.1042827849998335,-0.069390936254463,2026-01-01,12:09:00,Thursday,3,12,Normal,-1,-0.010390869219416288,Warning
2026-01-01 12:10:00,64.26350208642394,5.002290258334131,0.3983649617921386,1.6066353440746255,0.1809163826511035,0.126334123557419,2026-01-01,12:10:00,Thursday,3,12,Normal,1,0.06849214216469607,Normal
2026-01-01 12:11:00,65.68311110188102,4.940147059222949,0.4258396328569623,1.419609015457084,-0.0621431991111824,0.0274746710648237,2026-01-01,12:11:00,Thursday,3,12,Normal,1,0.11106524611135271,Normal
2026-01-01 12:12:00,68.45739528881118,4.796986418854237,0.3101544505351654,2.77428418693016,-0.1431606403687118,-0.1156851823217969,2026-01-01,12:12:00,Thursday,3,12,Normal,1,0.03713296151426737,Normal
2026-01-01 12:13:00,63.026285843143526,5.4097511301726575,0.3650985371259635,-5.4311094456676585,0.6127647113184205,0.054944086590798,2026-01-01,12:13:00,Thursday,3,12,Normal,-1,-0.02336826197109737,Warning
2026-01-01 12:14:00,64.50944430811577,5.3570336804144265,0.3137304238996012,1.483158464972249,-0.052717449758231,-0.0513681132263623,2026-01-01,12:14:00,Thursday,3,12,Normal,1,0.07151998574823287,Normal
2026-01-01 12:15:00,66.5546751521235,5.227209736711085,0.3185757634931605,2.045230844007719,-0.1298239437033412,0.0048453395935593,2026-01-01,12:15:00,Thursday,3,12,Normal,1,0.0990744423721861,Normal
2026-01-01 12:16:00,65.86953214893323,4.815829920438175,0.3887247351932685,-0.6851430031902623,-0.4113798162729107,0.070148971700108,2026-01-01,12:16:00,Thursday,3,12,Normal,1,0.07965962872942628,Normal
2026-01-01 12:17:00,64.2476878575398,5.171003864859456,0.3480730869078293,-1.6218442913934297,0.3551739444212813,-0.0406516482854392,2026-01-01,12:17:00,Thursday,3,12,Normal,1,0.09475913312710227,Normal
2026-01-01 12:18:00,64.73235407096792,5.12792528189958,0.4369824020965506,0.4846662134281132,-0.0430785829598754,0.0889093151887212,2026-01-01,12:18:00,Thursday,3,12,Normal,1,0.09223514825474843,Normal
2026-01-01 12:19:00,62.25020838326004,5.088509124840811,0.3258883760648539,-2.4821456877078774,-0.0394161570587696,-0.1110940260316966,2026-01-01,12:19:00,Thursday,3,12,Normal,1,0.07060128941611182,Normal
2026-01-01 12:20:00,64.52365251205067,5.249933053408755,0.3999668166237244,2.2734441287906364,0.1614239285679444,0.0740784405588705,2026-01-01,12:20:00,Thursday,3,12,Normal,1,0.07542878107344686,Normal
2026-01-01 12:21:00,64.4672250199821,5.127074228572256,0.3548706706478891,-0.056427492068579,-0.1228588248364994,-0.0450961459758353,2026-01-01,12:21:00,Thursday,3,12,Normal,1,0.11332564487412972,Normal
2026-01-01 12:22:00,65.46433977925251,5.148002847260867,0.3897889004872116,0.997114759270417,0.020928618688611,0.0349182298393225,2026-01-01,12:22:00,Thursday,3,12,Normal,1,0.12271399204808559,Normal
2026-01-01 12:23:00,63.88934556236197,5.127381256674442,0.3276421171335026,-1.5749942168905449,-0.0206215905864244,-0.0621467833537089,2026-01-01,12:23:00,Thursday,3,12,Normal,1,0.10437074321933676,Normal
2026-01-01 12:24:00,65.94307704509028,5.068158281600422,0.3475220581224208,2.0537314827283097,-0.0592229750740207,0.0198799409889181,2026-01-01,12:24:00,Thursday,3,12,Normal,1,0.12601671474119774,Normal
2026-01-01 12:25:00,67.02543163563966,4.643277774057164,0.3442250560350532,1.082354590549386,-0.424880507543258,-0.0032970020873675,2026-01-01,12:25:00,Thursday,3,12,Normal,1,0.06929477785945293,Normal
2026-01-01 12:26:00,65.31085865533693,5.016724215482111,0.3081971442577106,-1.7145729803027336,0.3734464414249476,-0.0360279117773426,2026-01-01,12:26:00,Thursday,3,12,Normal,1,0.08728586392513088,Normal
2026-01-01 12:27:00,65.70351281679841,4.888761608230175,0.3831040767290876,0.3926541614614791,-0.1279626072519359,0.074906932471377,2026-01-01,12:27:00,Thursday,3,12,Normal,1,0.11004157964590056,Normal
2026-01-01 12:28:00,65.10631069515574,4.744031808471996,0.3825124502789181,-0.5972021216426668,-0.1447297997581795,-0.0005916264501694,2026-01-01,12:28:00,Thursday,3,12,Normal,1,0.10525934388567776,Normal
2026-01-01 12:29:00,65.00016878618283,5.336363323860165,0.3796777347452783,-0.1061419089729156,0.5923315153881692,-0.0028347155336398,2026-01-01,12:29:00,Thursday,3,12,Normal,1,0.05190437218714283,Normal
2026-01-01 12:30:00,63.5568839329143,5.345799068177141,0.4268482826958822,-1.4432848532685227,0.0094357443169759,0.0471705479506038,2026-01-01,12:30:00,Thursday,3,12,Normal,1,0.0739438351840001,Normal
2026-01-01 12:31:00,65.63298852334661,5.271844120059122,0.4224672400618151,2.0761045904323083,-0.0739549481180184,-0.004381042634067,2026-01-01,12:31:00,Thursday,3,12,Normal,1,0.09360648569288643,Normal
2026-01-01 12:32:00,64.80542680317302,5.051042683371175,0.3312527655075432,-0.8275617201735912,-0.2208014366879478,-0.0912144745542719,2026-01-01,12:32:00,Thursday,3,12,Normal,1,0.09700429151580092,Normal
2026-01-01 12:33:00,69.18633661786119,5.270125024190532,0.3686526159217089,4.380909814688167,0.2190823408193569,0.0373998504141656,2026-01-01,12:33:00,Thursday,3,12,Normal,1,0.04122108959979054,Normal
2026-01-01 12:34:00,68.14670980495049,5.0024106361203655,0.3188199655370893,-1.0396268129106971,-0.267714388070166,-0.0498326503846195,2026-01-01,12:34:00,Thursday,3,12,Normal,1,0.0798822296950355,Normal
2026-01-01 12:35:00,65.771693105113,5.040559455379556,0.3511677658057277,-2.375016699837488,0.0381488192591907,0.0323478002686383,2026-01-01,12:35:00,Thursday,3,12,Normal,1,0.1186703592363833,Normal
2026-01-01 12:36:00,63.473885580610464,4.781305725907603,0.3200125275440567,-2.297807524502538,-0.2592537294719532,-0.0311552382616709,2026-01-01,12:36:00,Thursday,3,12,Normal,1,0.0803777019677393,Normal
2026-01-01 12:37:00,62.775177056033165,5.079398260899768,0.4310035154568025,-0.6987085245772988,0.2980925349921648,0.1109909879127458,2026-01-01,12:37:00,Thursday,3,12,Normal,1,0.05125105482651693,Normal
2026-01-01 12:38:00,67.38228590617773,5.012077185684883,0.3681849075171481,4.607108850144563,-0.0673210752148847,-0.0628186079396544,2026-01-01,12:38:00,Thursday,3,12,Normal,1,0.05700617251669576,Normal
2026-01-01 12:39:00,65.52549845029428,4.739469576633107,0.3390985435947788,-1.856787455883449,-0.2726076090517759,-0.0290863639223692,2026-01-01,12:39:00,Thursday,3,12,Normal,1,0.0907887835687538,Normal
2026-01-01 12:40:00,65.96028680678322,4.98976057763668,0.4096809285928188,0.4347883564889372,0.250291001003573,0.0705823849980399,2026-01-01,12:40:00,Thursday,3,12,Normal,1,0.0952555231710232,Normal
2026-01-01 12:41:00,61.51082802605161,4.984054087228638,0.2414692295102294,-4.449458780731604,-0.0057064904080421,-0.1682116990825894,2026-01-01,12:41:00,Thursday,3,12,Normal,-1,-0.03634476683393678,Warning
2026-01-01 12:42:00,66.85487696311637,5.359512233328928,0.2492948702567354,5.344048937064756,0.3754581461002901,0.007825640746506,2026-01-01,12:42:00,Thursday,3,12,Normal,-1,-0.015171124695878502,Warning
2026-01-01 12:43:00,65.90884067642872,5.178842665702682,0.3897919327609886,-0.9460362866876436,-0.1806695676262464,0.1404970625042532,2026-01-01,12:43:00,Thursday,3,12,Normal,1,0.054553778185684854,Normal
2026-01-01 12:44:00,62.77913863117104,5.002289087818293,0.3530234224058683,-3.1297020452576803,-0.1765535778843885,-0.0367685103551203,2026-01-01,12:44:00,Thursday,3,12,Normal,1,0.09093475424640463,Normal
2026-01-01 12:45:00,64.05695038510011,5.049757461960216,0.362522315013038,1.2778117539290648,0.047468374141923,0.0094988926071696,2026-01-01,12:45:00,Thursday,3,12,Normal,1,0.12786442477986082,Normal
2026-01-01 12:46:00,65.52743440871303,5.008842475620839,0.2836801948340725,1.4704840236129255,-0.0409149863393771,-0.0788421201789654,2026-01-01,12:46:00,Thursday,3,12,Normal,1,0.0974044834340912,Normal
2026-01-01 12:47:00,65.10493359671248,4.95941720304089,0.3488383144574816,-0.4225008120005498,-0.0494252725799491,0.0651581196234091,2026-01-01,12:47:00,Thursday,3,12,Normal,1,0.11333000770381996,Normal
2026-01-01 12:48:00,64.41565762839289,4.783514560522343,0.450175470520067,-0.6892759683195919,-0.1759026425185474,0.1013371560625854,2026-01-01,12:48:00,Thursday,3,12,Normal,1,0.061929436322561704,Normal
2026-01-01 12:49:00,64.79302346386808,4.969789624478614,0.3912099809897931,0.3773658354751887,0.1862750639562715,-0.0589654895302739,2026-01-01,12:49:00,Thursday,3,12,Normal,1,0.09919263721288013,Normal
2026-01-01 12:50:00,64.49604524358622,4.850780348669497,0.3584853272571406,-0.2969782202818578,-0.119009275809117,-0.0327246537326524,2026-01-01,12:50:00,Thursday,3,12,Normal,1,0.11618446829713941,Normal
2026-01-01 12:51:00,65.30512502420494,4.749936892215371,0.3280473044947531,0.8090797806187169,-0.1008434564541262,-0.0304380227623874,2026-01-01,12:51:00,Thursday,3,12,Normal,1,0.1071736840056492,Normal
2026-01-01 12:52:00,67.94298394598631,5.102244362909507,0.3302713574065303,2.6378589217813726,0.3523074706941358,0.0022240529117771,2026-01-01,12:52:00,Thursday,3,12,Normal,1,0.082907122679444,Normal
2026-01-01 12:53:00,59.8666831181374,5.078252931986647,0.2435401055399991,-8.076300827848911,-0.0239914309228597,-0.0867312518665311,2026-01-01,12:53:00,Thursday,3,12,Normal,-1,-0.06071433780414354,Warning
2026-01-01 12:54:00,64.52629947098063,4.6426584977263845,0.362882021046058,4.65961635284323,-0.4355944342602624,0.1193419155060588,2026-01-01,12:54:00,Thursday,3,12,Normal,-1,-0.010495246541367853,Warning
2026-01-01 12:55:00,65.3530248427449,4.975463072500975,0.3922741554240926,0.8267253717642689,0.33280457477459,0.0293921343780346,2026-01-01,12:55:00,Thursday,3,12,Normal,1,0.10399752992121464,Normal
2026-01-01 12:56:00,65.5919879793742,5.199140277179985,0.2712190336414692,0.2389631366292945,0.2236772046790101,-0.1210551217826234,2026-01-01,12:56:00,Thursday,3,12,Normal,1,0.05605291274259877,Normal
2026-01-01 12:57:00,64.25617083735742,5.211844747779264,0.3169291553846591,-1.3358171420167793,0.0127044705992798,0.0457101217431899,2026-01-01,12:57:00,Thursday,3,12,Normal,1,0.10222318259971536,Normal
2026-01-01 12:58:00,61.48655643504284,5.205167368577047,0.2921267683883288,-2.769614402314581,-0.006677379202217,-0.0248023869963303,2026-01-01,12:58:00,Thursday,3,12,Normal,1,0.06658985778397886,Normal
2026-01-01 12:59:00,65.65599096742822,5.007782641380292,0.3017324402595618,4.169434532385388,-0.1973847271967557,0.0096056718712329,2026-01-01,12:59:00,Thursday,3,12,Normal,1,0.08185831773825336,Normal
2026-01-01 13:00:00,68.45470042832837,4.83099093440617,0.352674081341095,2.7987094609001417,-0.1767917069741216,0.0509416410815332,2026-01-01,13:00:00,Thursday,3,13,Normal,1,0.08821564795627823,Normal
2026-01-01 13:01:00,61.93227719016773,4.783260234528388,0.2457798922505762,-6.522423238160641,-0.047730699877782,-0.1068941890905187,2026-01-01,13:01:00,Thursday,3,13,Normal,-1,-0.04074722818535942,Warning
2026-01-01 13:02:00,66.72765602739638,5.068920980950072,0.3807135219178532,4.795378837228654,0.2856607464216836,0.1349336296672769,2026-01-01,13:02:00,Thursday,3,13,Normal,1,0.01035097813949315,Normal
2026-01-01 13:03:00,64.34294955375421,5.075856006873033,0.3876927534966841,-2.3847064736421686,0.006935025922961,0.0069792315788309,2026-01-01,13:03:00,Thursday,3,13,Normal,1,0.11497476030146597,Normal
2026-01-01 13:04:00,64.8773513083423,5.257466222321013,0.3374448705981543,0.5344017545880888,0.1816102154479804,-0.0502478828985297,2026-01-01,13:04:00,Thursday,3,13,Normal,1,0.09460255251950661,Normal
2026-01-01 13:05:00,62.894202978592105,5.219995930068417,0.2259645745007729,-1.9831483297501933,-0.0374702922525962,-0.1114802960973814,2026-01-01,13:05:00,Thursday,3,13,Normal,1,0.01759337864440952,Normal
2026-01-01 13:06:00,64.33108765528824,4.973554268693766,0.3001790686998805,1.4368846766961385,-0.2464416613746509,0.0742144941991075,2026-01-01,13:06:00,Thursday,3,13,Normal,1,0.08021083299474241,Normal
2026-01-01 13:07:00,67.60008918939792,4.751158824227826,0.4116450967051348,3.2690015341096768,-0.2223954444659401,0.1114660280052543,2026-01-01,13:07:00,Thursday,3,13,Normal,1,0.035580447840168616,Normal
2026-01-01 13:08:00,66.16531048397542,4.936178680597821,0.2111002859635713,-1.4347787054225023,0.1850198563699949,-0.2005448107415634,2026-01-01,13:08:00,Thursday,3,13,Normal,-1,-0.05225227854933484,Warning
2026-01-01 13:09:00,68.4646232108199,5.043446238962105,0.332623829390324,2.2993127268444766,0.1072675583642839,0.1215235434267526,2026-01-01,13:09:00,Thursday,3,13,Normal,1,0.04875206697154538,Normal
2026-01-01 13:10:00,67.35482377795539,4.959583350922119,0.290999961076637,-1.1097994328645058,-0.0838628880399854,-0.041623868313687,2026-01-01,13:10:00,Thursday,3,13,Normal,1,0.09524307060228465,Normal
2026-01-01 13:11:00,65.87817335785915,4.884421178384469,0.3902285150792418,-1.4766504200962345,-0.0751621725376505,0.0992285540026048,2026-01-01,13:11:00,Thursday,3,13,Normal,1,0.08896275963563716,Normal
2026-01-01 13:12:00,68.48786905233558,5.05057696299398,0.3162443023928269,2.6096956944764287,0.1661557846095114,-0.0739842126864149,2026-01-01,13:12:00,Thursday,3,13,Normal,1,0.0699225136990031,Normal
2026-01-01 13:13:00,65.8779863174766,4.899208451717878,0.3701977010367805,-2.609882734858985,-0.151368511276102,0.0539533986439536,2026-01-01,13:13:00,Thursday,3,13,Normal,1,0.10405899726738888,Normal
2026-01-01 13:14:00,66.65597635359411,4.874386783254925,0.3782730209584546,0.7779900361175152,-0.0248216684629527,0.008075319921674,2026-01-01,13:14:00,Thursday,3,13,Normal,1,0.11980452142424153,Normal
2026-01-01 13:15:00,64.40685809293058,5.062290566860688,0.441811291986501,-2.2491182606635363,0.1879037836057628,0.0635382710280463,2026-01-01,13:15:00,Thursday,3,13,Normal,1,0.08965651208860542,Normal
2026-01-01 13:16:00,65.13309163171841,4.919601483974159,0.3398529028162315,0.726233538787838,-0.1426890828865294,-0.1019583891702695,2026-01-01,13:16:00,Thursday,3,13,Normal,1,0.09398937008652386,Normal
2026-01-01 13:17:00,63.60515235339945,5.04882087779567,0.3688022184811305,-1.5279392783189678,0.1292193938215113,0.028949315664899,2026-01-01,13:17:00,Thursday,3,13,Normal,1,0.113280796046344,Normal
2026-01-01 13:18:00,66.97916786918971,5.0546408045704245,0.2757472260436281,3.374015515790262,0.0058199267747545,-0.0930549924375023,2026-01-01,13:18:00,Thursday,3,13,Normal,1,0.057200625914744674,Normal
2026-01-01 13:19:00,62.64339275377027,4.772114199781685,0.4095206781646872,-4.3357751154194375,-0.2825266047887398,0.133773452121059,2026-01-01,13:19:00,Thursday,3,13,Normal,1,0.0024977232051413556,Normal
2026-01-01 13:20:00,66.56470068483532,4.903751775226918,0.3119745575964317,3.921307931065044,0.1316375754452332,-0.0975461205682554,2026-01-01,13:20:00,Thursday,3,13,Normal,1,0.047343355172601465,Normal
2026-01-01 13:21:00,64.61869788498969,5.287555387983293,0.3219622917956127,-1.9460027998456295,0.3838036127563748,0.0099877341991809,2026-01-01,13:21:00,Thursday,3,13,Normal,1,0.09132286748336393,Normal
2026-01-01 13:22:00,67.34249418693464,4.767584097453143,0.3488876102575394,2.723796301944958,-0.5199712905301501,0.0269253184619267,2026-01-01,13:22:00,Thursday,3,13,Normal,1,0.0554964608431448,Normal
2026-01-01 13:23:00,66.50173797746253,4.576669110205894,0.2718557827330075,-0.8407562094721186,-0.1909149872472486,-0.0770318275245319,2026-01-01,13:23:00,Thursday,3,13,Normal,1,0.034919359010018136,Normal
2026-01-01 13:24:00,68.6412923152936,4.627630969351498,0.3614385014464469,2.139554337831072,0.0509618591456035,0.0895827187134394,2026-01-01,13:24:00,Thursday,3,13,Normal,1,0.04231796415561534,Normal
2026-01-01 13:25:00,66.46154938227728,5.005821989315334,0.3983733136462505,-2.179742933016314,0.3781910199638361,0.0369348121998036,2026-01-01,13:25:00,Thursday,3,13,Normal,1,0.0880371490801316,Normal
2026-01-01 13:26:00,61.85591948869352,5.00618345560654,0.3646466911748645,-4.605629893583767,0.0003614662912063,-0.0337266224713859,2026-01-01,13:26:00,Thursday,3,13,Normal,1,0.07028579317604128,Normal
2026-01-01 13:27:00,64.8660936542036,4.976477828914976,0.2705551217910637,3.0101741655100795,-0.0297056266915642,-0.0940915693838008,2026-01-01,13:27:00,Thursday,3,13,Normal,1,0.06081147015681665,Normal
2026-01-01 13:28:00,62.65598561481037,5.2428379657857,0.343809535283517,-2.2101080393932264,0.2663601368707242,0.0732544134924532,2026-01-01,13:28:00,Thursday,3,13,Normal,1,0.07197092398455013,Normal
2026-01-01 13:29:00,63.96344031526745,4.4654331133794125,0.3871014451489745,1.307454700457079,-0.7774048524062875,0.0432919098654575,2026-01-01,13:29:00,Thursday,3,13,Normal,-1,-0.030323487596449705,Warning
2026-01-01 13:30:00,68.02245686655344,5.079186774886165,0.2561005617017046,4.059016551285993,0.6137536615067525,-0.1310008834472699,2026-01-01,13:30:00,Thursday,3,13,Normal,-1,-0.06346266832095543,Warning
2026-01-01 13:31:00,66.27506762179539,5.312287640360715,0.2962616993091143,-1.747389244758054,0.2331008654745501,0.0401611376074096,2026-01-01,13:31:00,Thursday,3,13,Normal,1,0.07813867879554454,Normal
2026-01-01 13:32:00,63.60213914284251,4.774443847021657,0.393827180204076,-2.672928478952876,-0.5378437933390581,0.0975654808949617,2026-01-01,13:32:00,Thursday,3,13,Normal,1,0.015959498090572177,Normal
2026-01-01 13:33:00,62.9725652671192,4.924038697642021,0.3635047717098643,-0.6295738757233096,0.1495948506203639,-0.0303224084942116,2026-01-01,13:33:00,Thursday,3,13,Normal,1,0.09854666883839391,Normal
2026-01-01 13:34:00,65.06556418575252,4.849421616554276,0.3705985791063376,2.09299891863332,-0.0746170810877453,0.0070938073964733,2026-01-01,13:34:00,Thursday,3,13,Normal,1,0.12151326964655162,Normal
2026-01-01 13:35:00,62.56687970123775,4.821130790784494,0.4429747403811656,-2.498684484514776,-0.0282908257697815,0.0723761612748279,2026-01-01,13:35:00,Thursday,3,13,Normal,1,0.06363078956944945,Normal
2026-01-01 13:36:00,63.65771944520684,4.934747598995392,0.3734276389253101,1.0908397439690916,0.1136168082108977,-0.0695471014558554,2026-01-01,13:36:00,Thursday,3,13,Normal,1,0.09703814451346865,Normal
2026-01-01 13:37:00,65.62401894310248,5.285497056736901,0.3828944005216589,1.966299497895648,0.3507494577415091,0.0094667615963488,2026-01-01,13:37:00,Thursday,3,13,Normal,1,0.09188733946394345,Normal
2026-01-01 13:38:00,67.31062407221339,5.3674773350975045,0.4855372763609162,1.6866051291109017,0.0819802783606036,0.1026428758392573,2026-01-01,13:38:00,Thursday,3,13,Normal,1,0.04638736957597117,Normal
2026-01-01 13:39:00,66.21752294444887,4.932812154991971,0.3393097720954754,-1.0931011277645126,-0.4346651801055339,-0.1462275042654408,2026-01-01,13:39:00,Thursday,3,13,Normal,1,0.02150454423314735,Normal
2026-01-01 13:40:00,60.4174209828038,5.381012042812894,0.3101058618190752,-5.800101961645076,0.4481998878209232,-0.0292039102764001,2026-01-01,13:40:00,Thursday,3,13,Normal,-1,-0.036009567732396885,Warning
2026-01-01 13:41:00,65.60873345806051,5.007115295396925,0.3713898199123566,5.191312475256716,-0.3738967474159684,0.0612839580932814,2026-01-01,13:41:00,Thursday,3,13,Normal,1,0.03719035427701195,Normal
2026-01-01 13:42:00,65.14406714646516,5.350738205340217,0.3719495514694447,-0.4646663115953515,0.3436229099432912,0.0005597315570881,2026-01-01,13:42:00,Thursday,3,13,Normal,1,0.09707128234341877,Normal
2026-01-01 13:43:00,65.82778057074539,4.9813402700693015,0.3236642304026895,0.6837134242802279,-0.3693979352709151,-0.0482853210667552,2026-01-01,13:43:00,Thursday,3,13,Normal,1,0.09791817691465238,Normal
2026-01-01 13:44:00,68.23241936330241,5.026211565209229,0.2983801490222576,2.404638792557023,0.0448712951399272,-0.0252840813804319,2026-01-01,13:44:00,Thursday,3,13,Normal,1,0.08941407104607224,Normal
2026-01-01 13:45:00,60.873523446390514,5.073094894528567,0.4654922211045039,-7.358895916911898,0.0468833293193382,0.1671120720822462,2026-01-01,13:45:00,Thursday,3,13,Normal,-1,-0.07007098985000365,Warning
2026-01-01 13:46:00,63.81779314961779,5.635770735873507,0.3663421735194011,2.944269703227277,0.56267584134494,-0.0991500475851027,2026-01-01,13:46:00,Thursday,3,13,Normal,-1,-0.04514333928705255,Warning
2026-01-01 13:47:00,66.1818126455867,5.170257114968958,0.3133857309298962,2.364019495968911,-0.4655136209045487,-0.0529564425895049,2026-01-01,13:47:00,Thursday,3,13,Normal,1,0.06115696622077371,Normal
2026-01-01 13:48:00,61.83681120109212,4.858547094009707,0.3957965151139799,-4.345001444494585,-0.3117100209592509,0.0824107841840837,2026-01-01,13:48:00,Thursday,3,13,Normal,1,0.02256686486994386,Normal
2026-01-01 13:49:00,67.95189809610702,5.193799574055172,0.3445427424219333,6.1150868950148976,0.3352524800454644,-0.0512537726920466,2026-01-01,13:49:00,Thursday,3,13,Normal,1,0.011647565655364733,Normal
2026-01-01 13:50:00,65.73671322540132,4.927633492583132,0.3373559276841084,-2.2151848707056985,-0.2661660814720399,-0.0071868147378248,2026-01-01,13:50:00,Thursday,3,13,Normal,1,0.10297264421819946,Normal
2026-01-01 13:51:00,66.6931679716868,4.902049963419758,0.3781136435957246,0.9564547462854875,-0.0255835291633736,0.0407577159116162,2026-01-01,13:51:00,Thursday,3,13,Normal,1,0.11841170997864126,Normal
2026-01-01 13:52:00,63.85811267695641,5.181720271978422,0.2854058865884155,-2.8350552947303957,0.2796703085586642,-0.0927077570073091,2026-01-01,13:52:00,Thursday,3,13,Normal,1,0.06090858840150265,Normal
2026-01-01 13:53:00,66.62752737993242,5.006217117554231,0.3676313601958586,2.7694147029760074,-0.1755031544241916,0.0822254736074431,2026-01-01,13:53:00,Thursday,3,13,Normal,1,0.09566272143492227,Normal
2026-01-01 13:54:00,67.13694311197807,5.055715182902361,0.4456477403865876,0.5094157320456532,0.0494980653481302,0.0780163801907289,2026-01-01,13:54:00,Thursday,3,13,Normal,1,0.09316674640950545,Normal
2026-01-01 13:55:00,65.46575604027434,5.002797044373058,0.3733088831098655,-1.6711870717037272,-0.0529181385293027,-0.072338857276722,2026-01-01,13:55:00,Thursday,3,13,Normal,1,0.1098878396556921,Normal
2026-01-01 13:56:00,65.46880178539739,5.067316625321087,0.3311893948108267,0.0030457451230461,0.064519580948029,-0.0421194882990387,2026-01-01,13:56:00,Thursday,3,13,Normal,1,0.12273404565948015,Normal
2026-01-01 13:57:00,65.54068647856346,5.084993179487229,0.3246447359785879,0.0718846931660692,0.0176765541661421,-0.0065446588322388,2026-01-01,13:57:00,Thursday,3,13,Normal,1,0.12654763732424418,Normal
2026-01-01 13:58:00,63.273309470521234,4.612606613458917,0.3294830013327445,-2.2673770080422244,-0.4723865660283124,0.0048382653541566,2026-01-01,13:58:00,Thursday,3,13,Normal,1,0.04044553658128769,Normal
2026-01-01 13:59:00,64.70494263951929,5.133314533721907,0.3373018660976109,1.4316331689980544,0.5207079202629901,0.0078188647648664,2026-01-01,13:59:00,Thursday,3,13,Normal,1,0.07269420448032665,Normal
2026-01-01 14:00:00,64.69495493509528,4.80359611603394,0.3311096733620863,-0.0099877044240059,-0.3297184176879675,-0.0061921927355245,2026-01-01,14:00:00,Thursday,3,14,Normal,1,0.09942522165952289,Normal
2026-01-01 14:01:00,65.76678772870699,4.711540172888117,0.3958155720537283,1.071832793611705,-0.0920559431458221,0.0647058986916419,2026-01-01,14:01:00,Thursday,3,14,Normal,1,0.09640572397580083,Normal
2026-01-01 14:02:00,66.99964849382059,4.988317751228264,0.2633395448395508,1.2328607651135997,0.2767775783401465,-0.1324760272141775,2026-01-01,14:02:00,Thursday,3,14,Normal,1,0.03273670914136084,Normal
2026-01-01 14:03:00,62.88292783604318,5.016796200662891,0.3931000025206067,-4.116720657777407,0.028478449434627,0.1297604576810558,2026-01-01,14:03:00,Thursday,3,14,Normal,1,0.04201680759750831,Normal
2026-01-01 14:04:00,64.74998193936085,4.861298767085544,0.3310156737428719,1.8670541033176704,-0.1554974335773469,-0.0620843287777347,2026-01-01,14:04:00,Thursday,3,14,Normal,1,0.10680185171688644,Normal
2026-01-01 14:05:00,67.96291109531795,5.166206371533595,0.3688473892847685,3.2129291559570987,0.3049076044480507,0.0378317155418966,2026-01-01,14:05:00,Thursday,3,14,Normal,1,0.0789158875989534,Normal
2026-01-01 14:06:00,63.51282354237488,4.731564966725818,0.2936506044899568,-4.450087552943074,-0.4346414048077767,-0.0751967847948117,2026-01-01,14:06:00,Thursday,3,14,Normal,1,0.008553890794779695,Normal
2026-01-01 14:07:00,63.35549996541936,4.918611250245489,0.4164315533424718,-0.1573235769555125,0.1870462835196704,0.122780948852515,2026-01-01,14:07:00,Thursday,3,14,Normal,1,0.06200371685301986,Normal
2026-01-01 14:08:00,65.40461238366238,4.8830251730134,0.4122817480085936,2.04911241824302,-0.0355860772320886,-0.0041498053338781,2026-01-01,14:08:00,Thursday,3,14,Normal,1,0.11400855711136693,Normal
2026-01-01 14:09:00,66.68877038097064,4.990682545932132,0.3979795262875036,1.284157997308256,0.107657372918732,-0.0143022217210899,2026-01-01,14:09:00,Thursday,3,14,Normal,1,0.1104345727744297,Normal
2026-01-01 14:10:00,65.02285211112132,5.055772856929448,0.274262261210323,-1.665918269849314,0.0650903109973155,-0.1237172650771806,2026-01-01,14:10:00,Thursday,3,14,Normal,1,0.06571864392554805,Normal
2026-01-01 14:11:00,67.65792118087398,4.798421410075291,0.3914560535533026,2.63506906975266,-0.2573514468541562,0.1171937923429796,2026-01-01,14:11:00,Thursday,3,14,Normal,1,0.042159916018062904,Normal
2026-01-01 14:12:00,66.71358796513306,5.144856535491246,0.3702427543817854,-0.944333215740926,0.3464351254159545,-0.0212132991715171,2026-01-01,14:12:00,Thursday,3,14,Normal,1,0.09914908085078816,Normal
2026-01-01 14:13:00,66.68364013378013,5.01260047366694,0.2697364376433716,-0.0299478313529277,-0.1322560618243056,-0.1005063167384138,2026-01-01,14:13:00,Thursday,3,14,Normal,1,0.07133059423605992,Normal
2026-01-01 14:14:00,66.10823300264819,4.621610749337618,0.3487851308114592,-0.5754071311319393,-0.3909897243293221,0.0790486931680876,2026-01-01,14:14:00,Thursday,3,14,Normal,1,0.05365797422217872,Normal
2026-01-01 14:15:00,69.65530620069217,4.608281711920593,0.3682267244516631,3.547073198043975,-0.0133290374170247,0.0194415936402039,2026-01-01,14:15:00,Thursday,3,14,Normal,1,0.03080029164888637,Normal
2026-01-01 14:16:00,64.58967662226792,4.9975361414141375,0.3778037636911575,-5.06562957842425,0.389254429493544,0.0095770392394944,2026-01-01,14:16:00,Thursday,3,14,Normal,1,0.05389246486027227,Normal
2026-01-01 14:17:00,60.99295541586697,4.955806536442729,0.3588630683474427,-3.596721206400943,-0.0417296049714082,-0.0189406953437147,2026-01-01,14:17:00,Thursday,3,14,Normal,1,0.07287788941140272,Normal
2026-01-01 14:18:00,68.20850872303429,4.979315977285073,0.3645615708423689,7.215553307167312,0.0235094408423437,0.0056985024949262,2026-01-01,14:18:00,Thursday,3,14,Normal,1,0.02645055117530154,Normal
2026-01-01 14:19:00,64.08460113808636,4.994403508693956,0.4236805696126547,-4.123907584947929,0.0150875314088834,0.0591189987702858,2026-01-01,14:19:00,Thursday,3,14,Normal,1,0.07169274862353153,Normal
2026-01-01 14:20:00,65.21576088868606,5.045111967902036,0.4113016954955339,1.131159750599707,0.0507084592080797,-0.0123788741171207,2026-01-01,14:20:00,Thursday,3,14,Normal,1,0.11815353352462599,Normal
2026-01-01 14:21:00,67.61910136972105,5.18952992196966,0.2066472523108628,2.403340481034988,0.1444179540676238,-0.2046544431846711,2026-01-01,14:21:00,Thursday,3,14,Normal,-1,-0.07257536539693649,Warning
2026-01-01 14:22:00,61.79548091788215,4.777779019816489,0.3341280722581158,-5.823620451838899,-0.4117509021531713,0.127480819947253,2026-01-01,14:22:00,Thursday,3,14,Normal,-1,-0.03667908702787942,Warning
2026-01-01 14:23:00,62.49670557178772,4.765605681419841,0.3417674486228024,0.7012246539055695,-0.0121733383966473,0.0076393763646865,2026-01-01,14:23:00,Thursday,3,14,Normal,1,0.08351373262155604,Normal
2026-01-01 14:24:00,61.79744412576229,4.781335228422524,0.2623950713636514,-0.6992614460254316,0.0157295470026825,-0.0793723772591509,2026-01-01,14:24:00,Thursday,3,14,Normal,1,0.043947518630118476,Normal
2026-01-01 14:25:00,63.41172741994915,5.057783333433742,0.3547091529116156,1.614283294186862,0.2764481050112177,0.0923140815479641,2026-01-01,14:25:00,Thursday,3,14,Normal,1,0.0812177197964824,Normal
2026-01-01 14:26:00,65.879273212034,5.248989475729289,0.4124378886205253,2.4675457920848416,0.1912061422955471,0.0577287357089097,2026-01-01,14:26:00,Thursday,3,14,Normal,1,0.08394329771061138,Normal
2026-01-01 14:27:00,66.04837568562554,4.913732112352098,0.2956716070204704,0.1691024735915505,-0.3352573633771909,-0.1167662816000548,2026-01-01,14:27:00,Thursday,3,14,Normal,1,0.06713453088580401,Normal
2026-01-01 14:28:00,65.5525483586571,4.4996600311680695,0.3668200469344936,-0.4958273269684383,-0.4140720811840284,0.0711484399140231,2026-01-01,14:28:00,Thursday,3,14,Normal,1,0.027505689252375454,Normal
2026-01-01 14:29:00,62.17446823221527,4.6592014274779245,0.3042088261351781,-3.378080126441837,0.1595413963098551,-0.0626112207993155,2026-01-01,14:29:00,Thursday,3,14,Normal,1,0.03784093720609116,Normal
2026-01-01 14:30:00,60.37979312673471,4.8333926554407975,0.3164043988160161,-1.7946751054805574,0.174191227962873,0.012195572680838,2026-01-01,14:30:00,Thursday,3,14,Normal,1,0.04296349621094181,Normal
2026-01-01 14:31:00,65.10870717078076,4.888454222500957,0.4238696817085017,4.72891404404605,0.055061567060159,0.1074652828924856,2026-01-01,14:31:00,Thursday,3,14,Normal,1,0.04175933505841373,Normal
2026-01-01 14:32:00,64.05644793272333,4.918322274549055,0.3228721089944087,-1.052259238057431,0.0298680520480978,-0.100997572714093,2026-01-01,14:32:00,Thursday,3,14,Normal,1,0.09397018873759988,Normal
2026-01-01 14:33:00,65.91877154343322,5.007716224596184,0.3731106244505312,1.8623236107098933,0.0893939500471292,0.0502385154561225,2026-01-01,14:33:00,Thursday,3,14,Normal,1,0.11885805824926665,Normal
2026-01-01 14:34:00,66.40390725244254,4.93765073383551,0.2564390941969506,0.4851357090093131,-0.0700654907606734,-0.1166715302535806,2026-01-01,14:34:00,Thursday,3,14,Normal,1,0.05667485633025965,Normal
2026-01-01 14:35:00,65.27648286411737,5.209867922108682,0.443115878069744,-1.1274243883251671,0.2722171882731716,0.1866767838727934,2026-01-01,14:35:00,Thursday,3,14,Normal,1,0.016621950553574294,Normal
2026-01-01 14:36:00,66.52026617075171,4.864796538863726,0.3801326223153249,1.2437833066343416,-0.3450713832449557,-0.0629832557544191,2026-01-01,14:36:00,Thursday,3,14,Normal,1,0.08715471056047319,Normal
2026-01-01 14:37:00,65.45842274823013,4.827536408104892,0.3408750078674868,-1.0618434225215765,-0.0372601307588347,-0.039257614447838,2026-01-01,14:37:00,Thursday,3,14,Normal,1,0.11323961219183509,Normal
2026-01-01 14:38:00,66.06012941120294,5.0957751077040925,0.3787773254999947,0.6017066629728021,0.268238699599201,0.0379023176325078,2026-01-01,14:38:00,Thursday,3,14,Normal,1,0.11592734877697908,Normal
2026-01-01 14:39:00,63.59065347426024,4.6928715860147765,0.2795090285526094,-2.4694759369427004,-0.402903521689316,-0.0992682969473852,2026-01-01,14:39:00,Thursday,3,14,Normal,1,0.019754795140271286,Normal
2026-01-01 14:40:00,64.64077717233708,5.077938341064001,0.4091265370876328,1.0501236980768454,0.3850667550492241,0.1296175085350234,2026-01-01,14:40:00,Thursday,3,14,Danger,1,0.05662089175044438,Normal
2026-01-01 14:41:00,65.5753703751321,5.035662151896769,0.3408714682958855,0.934593202795014,-0.0422761891672314,-0.0682550687917473,2026-01-01,14:41:00,Thursday,3,14,Danger,1,0.11861213835234247,Normal
2026-01-01 14:42:00,67.0046933144712,5.000814532319397,0.3539379383889923,1.4293229393391016,-0.0348476195773725,0.0130664700931067,2026-01-01,14:42:00,Thursday,3,14,Danger,1,0.12544248697223687,Normal
2026-01-01 14:43:00,64.7579722010054,5.363109766884398,0.3466293404638469,-2.246721113465796,0.3622952345650017,-0.0073085979251453,2026-01-01,14:43:00,Thursday,3,14,Danger,1,0.0767765909309367,Normal
2026-01-01 14:44:00,66.76960723873695,4.936164571547117,0.349250258145549,2.0116350377315517,-0.4269451953372813,0.002620917681702,2026-01-01,14:44:00,Thursday,3,14,Danger,1,0.09239432917165086,Normal
2026-01-01 14:45:00,65.37741332526015,5.487817209862392,0.4200870659349557,-1.3921939134768024,0.5516526383152751,0.0708368077894067,2026-01-01,14:45:00,Thursday,3,14,Danger,1,0.0184213486951344,Normal
2026-01-01 14:46:00,65.85582475625283,5.045822801063471,0.4052195849294535,0.4784114309926792,-0.4419944087989211,-0.0148674810055022,2026-01-01,14:46:00,Thursday,3,14,Danger,1,0.07816243670696182,Normal
2026-01-01 14:47:00,67.93176535677541,4.850657317066561,0.4320823565651014,2.0759406005225856,-0.1951654839969103,0.0268627716356479,2026-01-01,14:47:00,Thursday,3,14,Danger,1,0.08360280498500194,Normal
2026-01-01 14:48:00,62.46842471243714,5.135196037411086,0.4061259220913779,-5.463340644338274,0.2845387203445257,-0.0259564344737235,2026-01-01,14:48:00,Thursday,3,14,Danger,1,0.043628856449191955,Normal
2026-01-01 14:49:00,64.04341898021411,4.921114596299884,0.4392963541902226,1.5749942677769724,-0.2140814411112028,0.0331704320988446,2026-01-01,14:49:00,Thursday,3,14,Danger,1,0.0917460429622945,Normal
2026-01-01 14:50:00,63.85381102329618,5.001163981952451,0.3997646335108187,-0.189607956917932,0.0800493856525674,-0.0395317206794038,2026-01-01,14:50:00,Thursday,3,14,Danger,1,0.11139965818239295,Normal
2026-01-01 14:51:00,62.33276776030339,5.246073326669765,0.5392643698482551,-1.5210432629927908,0.244909344717314,0.1394997363374363,2026-01-01,14:51:00,Thursday,3,14,Danger,-1,-0.016531345409142195,Warning
2026-01-01 14:52:00,65.82528930150784,5.292934599548206,0.3564519640269599,3.4925215412044466,0.0468612728784414,-0.1828124058212952,2026-01-01,14:52:00,Thursday,3,14,Danger,1,9.959904502165884e-05,Normal
2026-01-01 14:53:00,68.86250416309184,5.072536156918845,0.5049660580973412,3.0372148615840047,-0.220398442629361,0.1485140940703813,2026-01-01,14:53:00,Thursday,3,14,Danger,-1,-0.02190375345497092,Warning
2026-01-01 14:54:00,66.9756864126894,5.409602241130492,0.5173852715259475,-1.886817750402443,0.3370660842116466,0.0124192134286063,2026-01-01,14:54:00,Thursday,3,14,Danger,1,0.04443631070326237,Normal
2026-01-01 14:55:00,68.12285289115644,5.458774278876954,0.4134526657623263,1.1471664784670423,0.0491720377464623,-0.1039326057636211,2026-01-01,14:55:00,Thursday,3,14,Danger,1,0.03386738803743916,Normal
2026-01-01 14:56:00,70.0875259025125,5.5296845937369,0.5745949936591117,1.964673011356055,0.0709103148599457,0.1611423278967854,2026-01-01,14:56:00,Thursday,3,14,Danger,-1,-0.03117540544830749,Warning
2026-01-01 14:57:00,70.74628135544448,5.363458439000902,0.5199765343492861,0.6587554529319846,-0.1662261547359982,-0.0546184593098255,2026-01-01,14:57:00,Thursday,3,14,Danger,1,0.022285455758474237,Normal
2026-01-01 14:58:00,68.134451403275,5.545413015144412,0.5258296776138729,-2.6118299521694865,0.1819545761435099,0.0058531432645867,2026-01-01,14:58:00,Thursday,3,14,Danger,1,0.02328792530020024,Normal
2026-01-01 14:59:00,71.16171723368424,4.911719102283977,0.4857445436947282,3.027265830409249,-0.6336939128604353,-0.0400851339191447,2026-01-01,14:59:00,Thursday,3,14,Danger,-1,-0.05048453261664626,Warning
2026-01-01 15:00:00,68.82061695323186,5.23944899330461,0.4805528335032075,-2.3411002804523804,0.3277298910206339,-0.0051917101915206,2026-01-01,15:00:00,Thursday,3,15,Danger,1,0.04295680004733338,Normal
2026-01-01 15:01:00,67.14338537052689,5.144780766917133,0.488014407132868,-1.6772315827049766,-0.0946682263874771,0.0074615736296604,2026-01-01,15:01:00,Thursday,3,15,Danger,1,0.07664776021129521,Normal
2026-01-01 15:02:00,67.81119929560253,5.357178505558811,0.5250820853715314,0.6678139250756487,0.2123977386416777,0.0370676782386634,2026-01-01,15:02:00,Thursday,3,15,Danger,1,0.04381970977069438,Normal
2026-01-01 15:03:00,66.22074515668815,5.2341950046455015,0.5826855763779575,-1.5904541389143816,-0.1229835009133095,0.057603491006426,2026-01-01,15:03:00,Thursday,3,15,Danger,1,0.03369836419386507,Normal
2026-01-01 15:04:00,67.58736865616906,5.330404795246417,0.5287626805900406,1.3666234994809088,0.0962097906009153,-0.0539228957879168,2026-01-01,15:04:00,Thursday,3,15,Danger,1,0.04828847877634429,Normal
2026-01-01 15:05:00,68.82942116930569,5.755222854828689,0.4811954956108122,1.2420525131366276,0.4248180595822717,-0.0475671849792284,2026-01-01,15:05:00,Thursday,3,15,Danger,-1,-0.0009310494431328253,Warning
2026-01-01 15:06:00,71.33444276602994,5.359995434655318,0.5750597369576328,2.505021596724248,-0.395227420173371,0.0938642413468205,2026-01-01,15:06:00,Thursday,3,15,Danger,-1,-0.038106672563186395,Warning
2026-01-01 15:07:00,73.35063057142287,5.491849372528952,0.5869666282288305,2.0161878053929314,0.1318539378736343,0.0119068912711977,2026-01-01,15:07:00,Thursday,3,15,Danger,1,0.015306765584593263,Normal
2026-01-01 15:08:00,67.32654606015501,5.377788558257577,0.5807127744021873,-6.0240845112678585,-0.114060814271375,-0.0062538538266432,2026-01-01,15:08:00,Thursday,3,15,Danger,-1,-0.022547953548885336,Warning
2026-01-01 15:09:00,71.0583822092471,5.454536596985307,0.5923254503767541,3.731836149092089,0.0767480387277297,0.0116126759745668,2026-01-01,15:09:00,Thursday,3,15,Danger,1,0.00433164778190831,Normal
2026-01-01 15:10:00,68.3734575762304,5.4557487906326685,0.5485748056133217,-2.6849246330167063,0.0012121936473619,-0.0437506447634323,2026-01-01,15:10:00,Thursday,3,15,Danger,1,0.02572961506779753,Normal
2026-01-01 15:11:00,71.58575781329004,5.559361782891601,0.5227424608353902,3.212300237059651,0.1036129922589328,-0.0258323447779315,2026-01-01,15:11:00,Thursday,3,15,Danger,1,0.008179434238711092,Normal
2026-01-01 15:12:00,70.55600851680636,5.717909991957921,0.5328529547305872,-1.0297492964836863,0.1585482090663195,0.010110493895197,2026-01-01,15:12:00,Thursday,3,15,Danger,1,0.024233182647844798,Normal
2026-01-01 15:13:00,67.33818834830494,5.829478799520666,0.5015601709104404,-3.2178201685014187,0.1115688075627447,-0.0312927838201468,2026-01-01,15:13:00,Thursday,3,15,Danger,-1,-0.00437396121225736,Warning
2026-01-01 15:14:00,73.03841216495516,5.577075531533348,0.6022514709813378,5.700223816650222,-0.2524032679873178,0.1006913000708974,2026-01-01,15:14:00,Thursday,3,15,Danger,-1,-0.07293933280606185,Warning
2026-01-01 15:15:00,70.1536349380189,5.648212407510151,0.5933023083134177,-2.884777226936265,0.0711368759768031,-0.0089491626679201,2026-01-01,15:15:00,Thursday,3,15,Danger,1,0.0084381063794301,Normal
2026-01-01 15:16:00,70.47765406870744,5.315281643617432,0.582546069318969,0.3240191306885407,-0.332930763892719,-0.0107562389944486,2026-01-01,15:16:00,Thursday,3,15,Danger,1,0.0063557896609894304,Normal
2026-01-01 15:17:00,69.58776790469335,5.5430307121229365,0.463835220398908,-0.8898861640140865,0.2277490685055045,-0.1187108489200609,2026-01-01,15:17:00,Thursday,3,15,Danger,1,0.0021021456127534033,Normal
2026-01-01 15:18:00,70.6005243557158,5.763815468734294,0.5563209952021602,1.0127564510224545,0.2207847566113576,0.0924857748032521,2026-01-01,15:18:00,Thursday,3,15,Danger,-1,-0.007620269406834468,Warning
2026-01-01 15:19:00,72.94668997229893,5.764102818592521,0.681799608327734,2.346165616583121,0.0002873498582269,0.1254786131255738,2026-01-01,15:19:00,Thursday,3,15,Danger,-1,-0.0438421303808903,Warning
2026-01-01 15:20:00,71.89423859085446,5.6483825526196165,0.5995969828251262,-1.0524513814444705,-0.1157202659729046,-0.0822026255026078,2026-01-01,15:20:00,Thursday,3,15,Danger,-1,-0.003509155910693895,Warning
2026-01-01 15:21:00,73.11186945911041,5.798490913125711,0.6579285737818319,1.2176308682559522,0.1501083605060946,0.0583315909567057,2026-01-01,15:21:00,Thursday,3,15,Danger,-1,-0.00039839618008657984,Warning
2026-01-01 15:22:00,73.36020734422132,5.7345169781624,0.5774354254709342,0.2483378851109137,-0.063973934963311,-0.0804931483108977,2026-01-01,15:22:00,Thursday,3,15,Danger,-1,-0.002269122663557166,Warning
2026-01-01 15:23:00,75.45950512923815,5.891576403167016,0.7259756781583655,2.09929778501683,0.1570594250046157,0.1485402526874313,2026-01-01,15:23:00,Thursday,3,15,Danger,-1,-0.06357845191978201,Warning
2026-01-01 15:24:00,72.31442769827125,5.724538498058089,0.6539097281083772,-3.145077430966907,-0.167037905108927,-0.0720659500499882,2026-01-01,15:24:00,Thursday,3,15,Danger,-1,-0.028559814042080134,Warning
2026-01-01 15:25:00,70.22810254812671,5.610678518703975,0.682683838005995,-2.086325150144532,-0.1138599793541139,0.0287741098976177,2026-01-01,15:25:00,Thursday,3,15,Danger,-1,-0.010322391268301201,Warning
2026-01-01 15:26:00,75.49808119678032,5.764137948356302,0.7915415148466094,5.2699786486536055,0.1534594296523268,0.1088576768406144,2026-01-01,15:26:00,Thursday,3,15,Danger,-1,-0.07706763110544607,Warning
2026-01-01 15:27:00,72.88247820126004,5.126002336950656,0.7581452373527025,-2.615602995520277,-0.6381356114056453,-0.0333962774939069,2026-01-01,15:27:00,Thursday,3,15,Danger,-1,-0.09512961079905141,Danger
2026-01-01 15:28:00,75.95645761642749,5.803849874549737,0.6740656583295864,3.073979415167443,0.6778475375990807,-0.084079579023116,2026-01-01,15:28:00,Thursday,3,15,Danger,-1,-0.11575309748235268,Danger
2026-01-01 15:29:00,74.67584513545584,5.012741677381285,0.6668036372211285,-1.2806124809716408,-0.7911081971684517,-0.0072620211084579,2026-01-01,15:29:00,Thursday,3,15,Danger,-1,-0.09512701607132984,Danger
2026-01-01 15:30:00,73.8286340305024,5.4128830760946745,0.687258102959377,-0.8472111049534448,0.400141398713389,0.0204544657382484,2026-01-01,15:30:00,Thursday,3,15,Danger,-1,-0.023760981068804365,Warning
2026-01-01 15:31:00,74.97027906081988,5.863080992915469,0.7361009730298873,1.141645030317477,0.4501979168207946,0.0488428700705103,2026-01-01,15:31:00,Thursday,3,15,Danger,-1,-0.032230438460087274,Warning
2026-01-01 15:32:00,78.35657057479806,5.883384655332147,0.7124155609642241,3.386291513978179,0.0203036624166781,-0.0236854120656632,2026-01-01,15:32:00,Thursday,3,15,Danger,-1,-0.03934828645167171,Warning
2026-01-01 15:33:00,78.79032469447115,5.570544547002316,0.7049852674973012,0.4337541196730967,-0.3128401083298309,-0.0074302934669229,2026-01-01,15:33:00,Thursday,3,15,Danger,-1,-0.042534090930407664,Warning
2026-01-01 15:34:00,74.95694408844737,5.675761409806031,0.8051772443536338,-3.833380606023781,0.1052168628037142,0.1001919768563326,2026-01-01,15:34:00,Thursday,3,15,Danger,-1,-0.06951898764961745,Warning
2026-01-01 15:35:00,75.32038118663415,6.10744153105616,0.733178394299997,0.3634370981867789,0.4316801212501291,-0.0719988500536368,2026-01-01,15:35:00,Thursday,3,15,Danger,-1,-0.05484342871917597,Warning
2026-01-01 15:36:00,77.33429849675096,5.751678822170313,0.8609390506114619,2.0139173101168097,-0.3557627088858464,0.1277606563114649,2026-01-01,15:36:00,Thursday,3,15,Danger,-1,-0.09582057614257927,Danger
2026-01-01 15:37:00,73.67231429810167,6.31222042611696,0.7575674312179117,-3.661984198649293,0.5605416039466471,-0.1033716193935502,2026-01-01,15:37:00,Thursday,3,15,Danger,-1,-0.13494215154007688,Danger
2026-01-01 15:38:00,76.21159529069105,5.87840390815261,0.8493669298122464,2.539280992589383,-0.4338165179643507,0.0917994985943346,2026-01-01,15:38:00,Thursday,3,15,Danger,-1,-0.08729115300361895,Danger
2026-01-01 15:39:00,75.67554703136503,5.975546629315647,0.7850376883072485,-0.536048259326023,0.0971427211630375,-0.0643292415049978,2026-01-01,15:39:00,Thursday,3,15,Danger,-1,-0.017032001746584424,Warning
2026-01-01 15:40:00,76.53690733200601,6.232465788790631,0.8223904529048965,0.8613603006409818,0.2569191594749833,0.037352764597648,2026-01-01,15:40:00,Thursday,3,15,Danger,-1,-0.04394342955887681,Warning
2026-01-01 15:41:00,74.42417147901028,5.950447847481108,0.745082578737245,-2.1127358529957263,-0.2820179413095225,-0.0773078741676515,2026-01-01,15:41:00,Thursday,3,15,Danger,-1,-0.040304903607206566,Warning
2026-01-01 15:42:00,73.09359228610933,5.738925143255779,0.7456958772544677,-1.3305791929009558,-0.2115227042253291,0.0006132985172226,2026-01-01,15:42:00,Thursday,3,15,Danger,-1,-0.009485932108181994,Warning
2026-01-01 15:43:00,72.30857858256287,5.932599964206597,0.8184398432052948,-0.7850137035464542,0.1936748209508181,0.0727439659508271,2026-01-01,15:43:00,Thursday,3,15,Danger,-1,-0.0386072183330089,Warning
2026-01-01 15:44:00,74.40159541038442,5.962574822458952,0.8519529146485183,2.0930168278215437,0.0299748582523546,0.0335130714432234,2026-01-01,15:44:00,Thursday,3,15,Danger,-1,-0.0240575283087599,Warning
2026-01-01 15:45:00,75.90083124830315,5.711900154408172,0.8116087846959827,1.4992358379187325,-0.2506746680507801,-0.0403441299525355,2026-01-01,15:45:00,Thursday,3,15,Danger,-1,-0.03279595421156983,Warning
2026-01-01 15:46:00,76.41361682670248,5.948833585731835,0.7523469999124817,0.5127855783993311,0.2369334313236635,-0.059261784783501,2026-01-01,15:46:00,Thursday,3,15,Danger,-1,-0.03250201652798418,Warning
2026-01-01 15:47:00,81.05628050667723,5.866713096352028,0.7557244554229073,4.642663679974746,-0.0821204893798075,0.0033774555104256,2026-01-01,15:47:00,Thursday,3,15,Danger,-1,-0.07926631860852623,Warning
2026-01-01 15:48:00,79.57562310345095,6.215174581740517,0.7594512606987687,-1.4806574032262745,0.3484614853884897,0.0037268052758613,2026-01-01,15:48:00,Thursday,3,15,Danger,-1,-0.06787789752569223,Warning
2026-01-01 15:49:00,75.62127231277128,6.0523769202915965,0.7494976822318188,-3.954350790679669,-0.1627976614489208,-0.0099535784669498,2026-01-01,15:49:00,Thursday,3,15,Danger,-1,-0.06032430818209639,Warning
2026-01-01 15:50:00,78.42268963217465,6.004046910776546,0.8504237629218493,2.8014173194033702,-0.04833000951505,0.1009260806900305,2026-01-01,15:50:00,Thursday,3,15,Danger,-1,-0.07093457226100025,Warning
2026-01-01 15:51:00,77.09493443639026,6.054521189633061,0.9082723981056032,-1.3277551957843912,0.0504742788565142,0.057848635183754,2026-01-01,15:51:00,Thursday,3,15,Danger,-1,-0.049548036401752926,Warning
2026-01-01 15:52:00,77.5221814148289,6.135533494590324,0.8584201197446686,0.4272469784386459,0.0810123049572633,-0.0498522783609347,2026-01-01,15:52:00,Thursday,3,15,Danger,-1,-0.03156120683949354,Warning
2026-01-01 15:53:00,78.64337857155803,6.229423445998562,0.7531408782947235,1.1211971567291243,0.0938899514082383,-0.105279241449945,2026-01-01,15:53:00,Thursday,3,15,Danger,-1,-0.05755955224513004,Warning
2026-01-01 15:54:00,79.69288768849624,5.921269675478245,0.8636943002155957,1.0495091169382107,-0.3081537705203176,0.1105534219208721,2026-01-01,15:54:00,Thursday,3,15,Danger,-1,-0.08289553842515346,Danger
2026-01-01 15:55:00,77.95784666859561,5.928046109839382,0.8721630804713999,-1.7350410199006348,0.0067764343611376,0.0084687802558042,2026-01-01,15:55:00,Thursday,3,15,Danger,-1,-0.049492845416908626,Warning
2026-01-01 15:56:00,80.94588488365054,6.372450994595657,0.9921736748850094,2.988038215054928,0.4444048847562749,0.1200105944136095,2026-01-01,15:56:00,Thursday,3,15,Danger,-1,-0.12795866142762163,Danger
2026-01-01 15:57:00,76.7161235477152,6.084199292225721,0.8215875487984665,-4.229761335935336,-0.2882517023699362,-0.1705861260865429,2026-01-01,15:57:00,Thursday,3,15,Danger,-1,-0.14072177627471988,Danger
2026-01-01 15:58:00,79.19449630654272,5.898449763298807,0.8819812713851918,2.4783727588275184,-0.1857495289269142,0.0603937225867252,2026-01-01,15:58:00,Thursday,3,15,Danger,-1,-0.06951116950828878,Warning
2026-01-01 15:59:00,84.55898381682802,6.285732238846318,0.9938784926130868,5.364487510285301,0.3872824755475115,0.1118972212278949,2026-01-01,15:59:00,Thursday,3,15,Danger,-1,-0.17007943172738077,Danger
2026-01-01 16:00:00,79.9916140307051,6.304795173327749,0.938155482723893,-4.567369786122924,0.0190629344814308,-0.0557230098891936,2026-01-01,16:00:00,Thursday,3,16,Danger,-1,-0.10879930511664676,Danger
2026-01-01 16:01:00,82.59370174048507,5.921129675821386,0.950892926403094,2.60208770977998,-0.3836654975063629,0.0127374436792008,2026-01-01,16:01:00,Thursday,3,16,Danger,-1,-0.1155135510328214,Danger
2026-01-01 16:02:00,80.09213126543732,6.288320585516964,0.9355272016491736,-2.5015704750477568,0.3671909096955774,-0.0153657247539202,2026-01-01,16:02:00,Thursday,3,16,Danger,-1,-0.09349684568778643,Danger
2026-01-01 16:03:00,81.25246328156868,6.4046923760614325,0.95336586380155,1.1603320161313633,0.116371790544469,0.0178386621523765,2026-01-01,16:03:00,Thursday,3,16,Danger,-1,-0.057100459062594144,Warning
2026-01-01 16:04:00,80.1591608839419,6.347604563068525,0.9828198704533206,-1.0933023976267862,-0.0570878129929077,0.0294540066517705,2026-01-01,16:04:00,Thursday,3,16,Danger,-1,-0.06362886312069821,Warning
2026-01-01 16:05:00,80.11373029221704,6.414275084631067,0.9105357850654626,-0.0454305917248518,0.0666705215625427,-0.072284085387858,2026-01-01,16:05:00,Thursday,3,16,Danger,-1,-0.054748141390358385,Warning
2026-01-01 16:06:00,79.0773988429128,6.022176483412153,1.001983737026218,-1.0363314493042424,-0.3920986012189145,0.0914479519607552,2026-01-01,16:06:00,Thursday,3,16,Danger,-1,-0.1167438633313323,Danger
2026-01-01 16:07:00,81.67878453609691,6.384389849181058,0.8965013643072381,2.6013856931841133,0.3622133657689046,-0.1054823727189797,2026-01-01,16:07:00,Thursday,3,16,Danger,-1,-0.12735153197639776,Danger
2026-01-01 16:08:00,79.29692562162846,6.272809381439243,0.9886406208637992,-2.3818589144684523,-0.1115804677418141,0.0921392565565609,2026-01-01,16:08:00,Thursday,3,16,Danger,-1,-0.10023193425942484,Danger
2026-01-01 16:09:00,82.51298865444504,6.251926816739919,0.9882299774572456,3.216063032816578,-0.020882564699324,-0.0004106434065535,2026-01-01,16:09:00,Thursday,3,16,Danger,-1,-0.09153031521325722,Danger
2026-01-01 16:10:00,83.53421037252818,6.53774748552031,0.9555489819540308,1.0212217180831402,0.2858206687803903,-0.0326809955032146,2026-01-01,16:10:00,Thursday,3,16,Danger,-1,-0.1074464030437014,Danger
2026-01-01 16:11:00,82.27851735992901,6.674642780922725,0.992300079668061,-1.255693012599167,0.1368952954024154,0.03675109771403,2026-01-01,16:11:00,Thursday,3,16,Danger,-1,-0.11121349433410616,Danger
2026-01-01 16:12:00,81.15477526016133,6.752813404859467,0.9693780428717728,-1.123742099767682,0.0781706239367414,-0.0229220367962881,2026-01-01,16:12:00,Thursday,3,16,Danger,-1,-0.0990310506511029,Danger
2026-01-01 16:13:00,82.8170220677083,6.67205248339209,0.9539906912326702,1.662246807546964,-0.0807609214673767,-0.0153873516391026,2026-01-01,16:13:00,Thursday,3,16,Danger,-1,-0.1097732835765392,Danger
2026-01-01 16:14:00,81.47356297981626,6.402295587916388,0.9969657275657824,-1.343459087892029,-0.2697568954757017,0.0429750363331121,2026-01-01,16:14:00,Thursday,3,16,Danger,-1,-0.09482757710735729,Danger
2026-01-01 16:15:00,84.14382152365758,6.509937971999208,0.9665177399485886,2.670258543841314,0.10764238408282,-0.0304479876171938,2026-01-01,16:15:00,Thursday,3,16,Danger,-1,-0.10775993350559515,Danger
2026-01-01 16:16:00,78.7917332861152,6.607910028902303,1.044927751992541,-5.352088237542375,0.097972056903095,0.0784100120439524,2026-01-01,16:16:00,Thursday,3,16,Danger,-1,-0.15787794673788397,Danger
2026-01-01 16:17:00,81.96514890012635,6.493932559556862,0.9783543111509676,3.173415614011148,-0.1139774693454409,-0.0665734408415734,2026-01-01,16:17:00,Thursday,3,16,Danger,-1,-0.10283614798106006,Danger
2026-01-01 16:18:00,78.83655782793383,6.511001322430793,1.0785281440788457,-3.1285910721925205,0.0170687628739312,0.1001738329278778,2026-01-01,16:18:00,Thursday,3,16,Danger,-1,-0.13153738030942214,Danger
2026-01-01 16:19:00,80.0098783395456,6.664750626375237,0.990926046603559,1.173320511611763,0.1537493039444433,-0.0876020974752864,2026-01-01,16:19:00,Thursday,3,16,Danger,-1,-0.10738504972358359,Danger
